date,datatype,station,attributes,value
2015-01-01T00:00:00,TAVG,GHCND:USC00280907,",7",-3.7
2015-01-01T00:00:00,TAVG,GHCND:USC00281335,",7",-3.0
2015-01-01T00:00:00,TAVG,GHCND:USC00281351,",7",0.6
2015-01-01T00:00:00,TAVG,GHCND:USC00281582,"1,7",-5.1
2015-01-01T00:00:00,TAVG,GHCND:USC00283029,",7",-3.9
2015-01-01T00:00:00,TAVG,GHCND:USC00283181,"1,7",-2.1
2015-01-01T00:00:00,TAVG,GHCND:USC00283704,",7",-2.2
2015-01-01T00:00:00,TAVG,GHCND:USC00283951,"2,7",-2.8
2015-01-01T00:00:00,TAVG,GHCND:USC00284229,",7",-1.3
2015-01-01T00:00:00,TAVG,GHCND:USC00284987,",7",-1.4
2015-01-01T00:00:00,TAVG,GHCND:USC00285243,",Z",-0.7
2015-01-01T00:00:00,TAVG,GHCND:USC00286055,",7",-2.5
2015-01-01T00:00:00,TAVG,GHCND:USC00286864,"2,7",-2.2
2015-01-01T00:00:00,TAVG,GHCND:USC00286964,",7",-2.7
2015-01-01T00:00:00,TAVG,GHCND:USC00286979,",7",-3.7
2015-01-01T00:00:00,TAVG,GHCND:USC00287301,",7",-3.4
2015-01-01T00:00:00,TAVG,GHCND:USC00287936,",7",-0.9
2015-01-01T00:00:00,TAVG,GHCND:USC00288644,",7",-6.0
2015-01-01T00:00:00,TAVG,GHCND:USC00289363,",7",-3.6
2015-01-01T00:00:00,TAVG,GHCND:USC00306774,",7",-6.7
2015-01-01T00:00:00,TAVG,GHCND:USR0000JEBF,",U",-0.6
2015-01-01T00:00:00,TAVG,GHCND:USW00013724,",W",0.9
2015-01-01T00:00:00,TAVG,GHCND:USW00013735,"4,W",-1.3
2015-01-01T00:00:00,TAVG,GHCND:USW00014734,",W",-1.9
2015-01-01T00:00:00,TAVG,GHCND:USW00014792,",W",-2.1
2015-01-01T00:00:00,TAVG,GHCND:USW00054743,",W",-3.0
2015-01-01T00:00:00,TAVG,GHCND:USW00054779,",W",-4.9
2015-01-01T00:00:00,TAVG,GHCND:USW00054785,",W",-2.9
2015-01-01T00:00:00,TAVG,GHCND:USW00054793,",W",-4.8
2015-01-01T00:00:00,TAVG,GHCND:USW00093730,",W",-0.9
2015-01-01T00:00:00,TAVG,GHCND:USW00093780,",W",-1.8
2015-01-01T00:00:00,TAVG,GHCND:USW00094741,",W",-1.9
2015-02-01T00:00:00,TAVG,GHCND:USC00280907,",7",-7.2
2015-02-01T00:00:00,TAVG,GHCND:USC00281335,",7",-6.1
2015-02-01T00:00:00,TAVG,GHCND:USC00281351,",7",-3.2
2015-02-01T00:00:00,TAVG,GHCND:USC00281582,"1,7",-8.9
2015-02-01T00:00:00,TAVG,GHCND:USC00282805,",7",-4.1
2015-02-01T00:00:00,TAVG,GHCND:USC00283029,"2,7",-7.0
2015-02-01T00:00:00,TAVG,GHCND:USC00283181,",7",-5.1
2015-02-01T00:00:00,TAVG,GHCND:USC00283704,",7",-5.5
2015-02-01T00:00:00,TAVG,GHCND:USC00283951,",7",-5.7
2015-02-01T00:00:00,TAVG,GHCND:USC00284229,",7",-4.4
2015-02-01T00:00:00,TAVG,GHCND:USC00284987,",7",-4.7
2015-02-01T00:00:00,TAVG,GHCND:USC00285243,",Z",-3.9
2015-02-01T00:00:00,TAVG,GHCND:USC00286055,",7",-5.7
2015-02-01T00:00:00,TAVG,GHCND:USC00286864,",7",-4.9
2015-02-01T00:00:00,TAVG,GHCND:USC00286964,",7",-5.7
2015-02-01T00:00:00,TAVG,GHCND:USC00286979,"1,7",-7.1
2015-02-01T00:00:00,TAVG,GHCND:USC00287301,",7",-6.5
2015-02-01T00:00:00,TAVG,GHCND:USC00287936,",7",-3.8
2015-02-01T00:00:00,TAVG,GHCND:USC00288644,",7",-9.7
2015-02-01T00:00:00,TAVG,GHCND:USC00289363,"1,7",-7.1
2015-02-01T00:00:00,TAVG,GHCND:USC00306774,",7",-10.5
2015-02-01T00:00:00,TAVG,GHCND:USR0000JEBF,",U",-4.0
2015-02-01T00:00:00,TAVG,GHCND:USW00013724,"1,W",-2.4
2015-02-01T00:00:00,TAVG,GHCND:USW00013735,"1,W",-4.0
2015-02-01T00:00:00,TAVG,GHCND:USW00014734,",W",-5.2
2015-02-01T00:00:00,TAVG,GHCND:USW00014792,",W",-5.1
2015-02-01T00:00:00,TAVG,GHCND:USW00054743,",W",-6.8
2015-02-01T00:00:00,TAVG,GHCND:USW00054779,",W",-8.9
2015-02-01T00:00:00,TAVG,GHCND:USW00054785,",W",-6.4
2015-02-01T00:00:00,TAVG,GHCND:USW00054793,",W",-8.9
2015-02-01T00:00:00,TAVG,GHCND:USW00093730,",W",-4.2
2015-02-01T00:00:00,TAVG,GHCND:USW00093780,",W",-4.7
2015-02-01T00:00:00,TAVG,GHCND:USW00094741,",W",-5.4
2015-03-01T00:00:00,TAVG,GHCND:USC00280907,",7",0.8
2015-03-01T00:00:00,TAVG,GHCND:USC00281335,",7",1.3
2015-03-01T00:00:00,TAVG,GHCND:USC00281351,",7",3.9
2015-03-01T00:00:00,TAVG,GHCND:USC00281582,",7",-0.6
2015-03-01T00:00:00,TAVG,GHCND:USC00282805,",7",2.7
2015-03-01T00:00:00,TAVG,GHCND:USC00283029,",7",0.5
2015-03-01T00:00:00,TAVG,GHCND:USC00283181,",7",2.3
2015-03-01T00:00:00,TAVG,GHCND:USC00283704,",7",2.1
2015-03-01T00:00:00,TAVG,GHCND:USC00283951,",7",1.3
2015-03-01T00:00:00,TAVG,GHCND:USC00284229,",7",3.2
2015-03-01T00:00:00,TAVG,GHCND:USC00284987,",7",2.4
2015-03-01T00:00:00,TAVG,GHCND:USC00285243,",Z",2.5
2015-03-01T00:00:00,TAVG,GHCND:USC00286055,",7",2.0
2015-03-01T00:00:00,TAVG,GHCND:USC00286864,",7",2.2
2015-03-01T00:00:00,TAVG,GHCND:USC00286964,",7",1.9
2015-03-01T00:00:00,TAVG,GHCND:USC00286979,",7",0.7
2015-03-01T00:00:00,TAVG,GHCND:USC00287301,",7",0.9
2015-03-01T00:00:00,TAVG,GHCND:USC00287936,",7",3.1
2015-03-01T00:00:00,TAVG,GHCND:USC00288644,",7",-1.1
2015-03-01T00:00:00,TAVG,GHCND:USC00289363,",7",0.8
2015-03-01T00:00:00,TAVG,GHCND:USC00306774,",7",-2.1
2015-03-01T00:00:00,TAVG,GHCND:USR0000JEBF,"2,U",3.8
2015-03-01T00:00:00,TAVG,GHCND:USW00013724,",W",4.4
2015-03-01T00:00:00,TAVG,GHCND:USW00013735,"4,W",4.1
2015-03-01T00:00:00,TAVG,GHCND:USW00014734,",W",3.2
2015-03-01T00:00:00,TAVG,GHCND:USW00014792,",W",2.5
2015-03-01T00:00:00,TAVG,GHCND:USW00054743,",W",1.5
2015-03-01T00:00:00,TAVG,GHCND:USW00054793,",W",-0.1
2015-03-01T00:00:00,TAVG,GHCND:USW00093730,",W",3.4
2015-03-01T00:00:00,TAVG,GHCND:USW00093780,",W",2.8
2015-03-01T00:00:00,TAVG,GHCND:USW00094741,",W",2.6
2015-04-01T00:00:00,TAVG,GHCND:USC00280331,",7",11.1
2015-04-01T00:00:00,TAVG,GHCND:USC00280907,",7",9.9
2015-04-01T00:00:00,TAVG,GHCND:USC00281335,",7",10.3
2015-04-01T00:00:00,TAVG,GHCND:USC00281351,",7",11.5
2015-04-01T00:00:00,TAVG,GHCND:USC00281582,",7",9.0
2015-04-01T00:00:00,TAVG,GHCND:USC00282805,",7",11.2
2015-04-01T00:00:00,TAVG,GHCND:USC00283029,",7",10.2
2015-04-01T00:00:00,TAVG,GHCND:USC00283181,"1,7",10.6
2015-04-01T00:00:00,TAVG,GHCND:USC00283704,",7",11.3
2015-04-01T00:00:00,TAVG,GHCND:USC00283951,",7",10.8
2015-04-01T00:00:00,TAVG,GHCND:USC00284229,",7",11.4
2015-04-01T00:00:00,TAVG,GHCND:USC00284987,",7",10.4
2015-04-01T00:00:00,TAVG,GHCND:USC00285243,",Z",10.2
2015-04-01T00:00:00,TAVG,GHCND:USC00286055,",7",11.2
2015-04-01T00:00:00,TAVG,GHCND:USC00286864,",7",11.8
2015-04-01T00:00:00,TAVG,GHCND:USC00286964,",7",11.2
2015-04-01T00:00:00,TAVG,GHCND:USC00286979,",7",10.2
2015-04-01T00:00:00,TAVG,GHCND:USC00287301,",7",10.4
2015-04-01T00:00:00,TAVG,GHCND:USC00287936,",7",12.1
2015-04-01T00:00:00,TAVG,GHCND:USC00288644,",7",8.9
2015-04-01T00:00:00,TAVG,GHCND:USC00289363,",7",10.3
2015-04-01T00:00:00,TAVG,GHCND:USC00306774,",7",7.6
2015-04-01T00:00:00,TAVG,GHCND:USR0000JEBF,",U",10.9
2015-04-01T00:00:00,TAVG,GHCND:USW00013735,"2,W",11.1
2015-04-01T00:00:00,TAVG,GHCND:USW00014734,",W",12.3
2015-04-01T00:00:00,TAVG,GHCND:USW00014792,",W",11.8
2015-04-01T00:00:00,TAVG,GHCND:USW00054743,",W",10.7
2015-04-01T00:00:00,TAVG,GHCND:USW00054779,",W",9.3
2015-04-01T00:00:00,TAVG,GHCND:USW00054785,",W",10.4
2015-04-01T00:00:00,TAVG,GHCND:USW00054793,",W",9.3
2015-04-01T00:00:00,TAVG,GHCND:USW00093730,",W",11.3
2015-04-01T00:00:00,TAVG,GHCND:USW00093780,"1,W",11.8
2015-04-01T00:00:00,TAVG,GHCND:USW00094741,",W",11.6
2015-05-01T00:00:00,TAVG,GHCND:USC00280331,",7",19.2
2015-05-01T00:00:00,TAVG,GHCND:USC00280907,",7",18.5
2015-05-01T00:00:00,TAVG,GHCND:USC00281335,",7",19.3
2015-05-01T00:00:00,TAVG,GHCND:USC00281351,",7",18.8
2015-05-01T00:00:00,TAVG,GHCND:USC00281582,",7",17.7
2015-05-01T00:00:00,TAVG,GHCND:USC00282805,",7",19.1
2015-05-01T00:00:00,TAVG,GHCND:USC00283029,",7",18.7
2015-05-01T00:00:00,TAVG,GHCND:USC00283181,",7",18.5
2015-05-01T00:00:00,TAVG,GHCND:USC00283704,",7",20.0
2015-05-01T00:00:00,TAVG,GHCND:USC00283951,",7",18.9
2015-05-01T00:00:00,TAVG,GHCND:USC00284229,",7",19.4
2015-05-01T00:00:00,TAVG,GHCND:USC00284987,",7",16.8
2015-05-01T00:00:00,TAVG,GHCND:USC00285243,",Z",17.4
2015-05-01T00:00:00,TAVG,GHCND:USC00286055,",7",18.9
2015-05-01T00:00:00,TAVG,GHCND:USC00286864,",7",19.9
2015-05-01T00:00:00,TAVG,GHCND:USC00286964,",7",18.9
2015-05-01T00:00:00,TAVG,GHCND:USC00286979,"1,7",19.1
2015-05-01T00:00:00,TAVG,GHCND:USC00287301,",7",19.1
2015-05-01T00:00:00,TAVG,GHCND:USC00287936,",7",19.8
2015-05-01T00:00:00,TAVG,GHCND:USC00289363,"1,7",18.3
2015-05-01T00:00:00,TAVG,GHCND:USC00306774,",7",17.4
2015-05-01T00:00:00,TAVG,GHCND:USR0000JEBF,",U",18.2
2015-05-01T00:00:00,TAVG,GHCND:USW00013724,",W",17.0
2015-05-01T00:00:00,TAVG,GHCND:USW00013735,"2,W",19.2
2015-05-01T00:00:00,TAVG,GHCND:USW00014734,",W",20.1
2015-05-01T00:00:00,TAVG,GHCND:USW00014792,",W",19.5
2015-05-01T00:00:00,TAVG,GHCND:USW00054743,",W",18.9
2015-05-01T00:00:00,TAVG,GHCND:USW00054779,",W",17.9
2015-05-01T00:00:00,TAVG,GHCND:USW00054785,",W",18.4
2015-05-01T00:00:00,TAVG,GHCND:USW00054793,",W",17.7
2015-05-01T00:00:00,TAVG,GHCND:USW00093730,",W",19.1
2015-05-01T00:00:00,TAVG,GHCND:USW00093780,"1,W",19.5
2015-05-01T00:00:00,TAVG,GHCND:USW00094741,",W",19.9
2015-06-01T00:00:00,TAVG,GHCND:USC00280331,",7",21.6
2015-06-01T00:00:00,TAVG,GHCND:USC00280907,",7",20.7
2015-06-01T00:00:00,TAVG,GHCND:USC00281335,"3,7",21.0
2015-06-01T00:00:00,TAVG,GHCND:USC00281351,",7",22.5
2015-06-01T00:00:00,TAVG,GHCND:USC00281582,"5,7",19.6
2015-06-01T00:00:00,TAVG,GHCND:USC00282805,",7",21.8
2015-06-01T00:00:00,TAVG,GHCND:USC00283029,",7",20.8
2015-06-01T00:00:00,TAVG,GHCND:USC00283181,"2,7",20.4
2015-06-01T00:00:00,TAVG,GHCND:USC00283704,",7",21.7
2015-06-01T00:00:00,TAVG,GHCND:USC00283951,",7",21.2
2015-06-01T00:00:00,TAVG,GHCND:USC00284229,",7",21.3
2015-06-01T00:00:00,TAVG,GHCND:USC00284987,",7",20.6
2015-06-01T00:00:00,TAVG,GHCND:USC00285243,"1,Z",21.8
2015-06-01T00:00:00,TAVG,GHCND:USC00286055,",7",21.3
2015-06-01T00:00:00,TAVG,GHCND:USC00286864,",7",21.8
2015-06-01T00:00:00,TAVG,GHCND:USC00286964,",7",21.6
2015-06-01T00:00:00,TAVG,GHCND:USC00286979,",7",21.0
2015-06-01T00:00:00,TAVG,GHCND:USC00287301,",7",20.6
2015-06-01T00:00:00,TAVG,GHCND:USC00287936,",7",22.9
2015-06-01T00:00:00,TAVG,GHCND:USC00288644,"2,7",19.3
2015-06-01T00:00:00,TAVG,GHCND:USC00289363,",7",20.5
2015-06-01T00:00:00,TAVG,GHCND:USC00306774,",7",19.0
2015-06-01T00:00:00,TAVG,GHCND:USR0000JEBF,"2,U",22.0
2015-06-01T00:00:00,TAVG,GHCND:USW00013724,",W",21.6
2015-06-01T00:00:00,TAVG,GHCND:USW00013735,"2,W",22.5
2015-06-01T00:00:00,TAVG,GHCND:USW00014734,",W",22.2
2015-06-01T00:00:00,TAVG,GHCND:USW00014792,",W",21.9
2015-06-01T00:00:00,TAVG,GHCND:USW00054743,",W",20.8
2015-06-01T00:00:00,TAVG,GHCND:USW00054779,",W",19.7
2015-06-01T00:00:00,TAVG,GHCND:USW00054793,",W",19.4
2015-06-01T00:00:00,TAVG,GHCND:USW00093730,",W",22.2
2015-06-01T00:00:00,TAVG,GHCND:USW00093780,"1,W",21.9
2015-06-01T00:00:00,TAVG,GHCND:USW00094741,",W",21.9
2015-07-01T00:00:00,TAVG,GHCND:USC00280331,",7",23.9
2015-07-01T00:00:00,TAVG,GHCND:USC00280907,",7",23.9
2015-07-01T00:00:00,TAVG,GHCND:USC00281335,",7",24.4
2015-07-01T00:00:00,TAVG,GHCND:USC00281351,",7",25.1
2015-07-01T00:00:00,TAVG,GHCND:USC00281582,"1,7",22.4
2015-07-01T00:00:00,TAVG,GHCND:USC00282805,",7",23.8
2015-07-01T00:00:00,TAVG,GHCND:USC00283029,",7",23.7
2015-07-01T00:00:00,TAVG,GHCND:USC00283181,",7",24.3
2015-07-01T00:00:00,TAVG,GHCND:USC00283704,",7",25.9
2015-07-01T00:00:00,TAVG,GHCND:USC00283951,"1,7",23.8
2015-07-01T00:00:00,TAVG,GHCND:USC00284229,",7",23.9
2015-07-01T00:00:00,TAVG,GHCND:USC00284987,",7",23.8
2015-07-01T00:00:00,TAVG,GHCND:USC00285243,",Z",25.3
2015-07-01T00:00:00,TAVG,GHCND:USC00286055,",7",24.6
2015-07-01T00:00:00,TAVG,GHCND:USC00286864,",7",24.5
2015-07-01T00:00:00,TAVG,GHCND:USC00286964,",7",23.9
2015-07-01T00:00:00,TAVG,GHCND:USC00286979,",7",23.5
2015-07-01T00:00:00,TAVG,GHCND:USC00287936,",7",24.7
2015-07-01T00:00:00,TAVG,GHCND:USC00288644,",7",21.9
2015-07-01T00:00:00,TAVG,GHCND:USC00289363,",7",23.5
2015-07-01T00:00:00,TAVG,GHCND:USC00306774,",7",21.8
2015-07-01T00:00:00,TAVG,GHCND:USR0000JEBF,",U",24.6
2015-07-01T00:00:00,TAVG,GHCND:USW00013724,",W",24.7
2015-07-01T00:00:00,TAVG,GHCND:USW00013735,",W",24.5
2015-07-01T00:00:00,TAVG,GHCND:USW00014734,",W",26.1
2015-07-01T00:00:00,TAVG,GHCND:USW00014792,",W",24.7
2015-07-01T00:00:00,TAVG,GHCND:USW00054743,",W",24.4
2015-07-01T00:00:00,TAVG,GHCND:USW00054779,",W",22.4
2015-07-01T00:00:00,TAVG,GHCND:USW00054793,",W",22.3
2015-07-01T00:00:00,TAVG,GHCND:USW00093730,",W",24.6
2015-07-01T00:00:00,TAVG,GHCND:USW00093780,",W",24.2
2015-07-01T00:00:00,TAVG,GHCND:USW00094741,",W",25.6
2015-08-01T00:00:00,TAVG,GHCND:USC00280331,",7",23.2
2015-08-01T00:00:00,TAVG,GHCND:USC00280907,",7",23.2
2015-08-01T00:00:00,TAVG,GHCND:USC00281335,",7",24.1
2015-08-01T00:00:00,TAVG,GHCND:USC00281351,",7",24.3
2015-08-01T00:00:00,TAVG,GHCND:USC00281582,",7",21.9
2015-08-01T00:00:00,TAVG,GHCND:USC00282023,"7,7",25.0
2015-08-01T00:00:00,TAVG,GHCND:USC00282805,",7",23.1
2015-08-01T00:00:00,TAVG,GHCND:USC00283029,",7",23.0
2015-08-01T00:00:00,TAVG,GHCND:USC00283181,"2,7",23.9
2015-08-01T00:00:00,TAVG,GHCND:USC00283704,",7",25.6
2015-08-01T00:00:00,TAVG,GHCND:USC00283951,",7",23.1
2015-08-01T00:00:00,TAVG,GHCND:USC00284229,",7",23.2
2015-08-01T00:00:00,TAVG,GHCND:USC00284987,",7",23.6
2015-08-01T00:00:00,TAVG,GHCND:USC00286055,",7",24.2
2015-08-01T00:00:00,TAVG,GHCND:USC00286864,",7",24.2
2015-08-01T00:00:00,TAVG,GHCND:USC00286964,",7",23.3
2015-08-01T00:00:00,TAVG,GHCND:USC00286979,",7",22.8
2015-08-01T00:00:00,TAVG,GHCND:USC00287936,",7",23.5
2015-08-01T00:00:00,TAVG,GHCND:USC00288644,",7",21.4
2015-08-01T00:00:00,TAVG,GHCND:USC00289363,",7",22.9
2015-08-01T00:00:00,TAVG,GHCND:USC00306774,",7",21.1
2015-08-01T00:00:00,TAVG,GHCND:USR0000JEBF,",U",24.2
2015-08-01T00:00:00,TAVG,GHCND:USW00013724,",W",24.3
2015-08-01T00:00:00,TAVG,GHCND:USW00013735,",W",23.4
2015-08-01T00:00:00,TAVG,GHCND:USW00014734,",W",25.9
2015-08-01T00:00:00,TAVG,GHCND:USW00014792,",W",24.2
2015-08-01T00:00:00,TAVG,GHCND:USW00054743,",W",24.1
2015-08-01T00:00:00,TAVG,GHCND:USW00054779,",W",21.6
2015-08-01T00:00:00,TAVG,GHCND:USW00054785,",W",23.1
2015-08-01T00:00:00,TAVG,GHCND:USW00054793,",W",21.4
2015-08-01T00:00:00,TAVG,GHCND:USW00093730,",W",24.3
2015-08-01T00:00:00,TAVG,GHCND:USW00093780,",W",23.6
2015-08-01T00:00:00,TAVG,GHCND:USW00094741,",W",25.4
2015-09-01T00:00:00,TAVG,GHCND:USC00280331,",7",21.1
2015-09-01T00:00:00,TAVG,GHCND:USC00280734,",7",19.7
2015-09-01T00:00:00,TAVG,GHCND:USC00280907,"1,7",20.7
2015-09-01T00:00:00,TAVG,GHCND:USC00281335,"5,7",21.8
2015-09-01T00:00:00,TAVG,GHCND:USC00281351,",7",22.6
2015-09-01T00:00:00,TAVG,GHCND:USC00281582,",7",19.9
2015-09-01T00:00:00,TAVG,GHCND:USC00282023,"6,7",22.7
2015-09-01T00:00:00,TAVG,GHCND:USC00282805,",7",21.6
2015-09-01T00:00:00,TAVG,GHCND:USC00283029,",7",21.1
2015-09-01T00:00:00,TAVG,GHCND:USC00283181,"1,7",21.0
2015-09-01T00:00:00,TAVG,GHCND:USC00283704,",7",22.7
2015-09-01T00:00:00,TAVG,GHCND:USC00283951,",7",20.6
2015-09-01T00:00:00,TAVG,GHCND:USC00284229,",7",21.2
2015-09-01T00:00:00,TAVG,GHCND:USC00284987,",7",21.3
2015-09-01T00:00:00,TAVG,GHCND:USC00285243,",Z",22.1
2015-09-01T00:00:00,TAVG,GHCND:USC00286055,",7",22.2
2015-09-01T00:00:00,TAVG,GHCND:USC00286864,",7",22.0
2015-09-01T00:00:00,TAVG,GHCND:USC00286964,",7",21.1
2015-09-01T00:00:00,TAVG,GHCND:USC00286979,",7",20.9
2015-09-01T00:00:00,TAVG,GHCND:USC00287936,",7",22.6
2015-09-01T00:00:00,TAVG,GHCND:USC00288644,",7",19.8
2015-09-01T00:00:00,TAVG,GHCND:USC00289363,",7",21.0
2015-09-01T00:00:00,TAVG,GHCND:USC00306774,",7",18.9
2015-09-01T00:00:00,TAVG,GHCND:USR0000JEBF,",U",22.0
2015-09-01T00:00:00,TAVG,GHCND:USW00013724,",W",22.3
2015-09-01T00:00:00,TAVG,GHCND:USW00013735,",W",21.9
2015-09-01T00:00:00,TAVG,GHCND:USW00014734,",W",23.0
2015-09-01T00:00:00,TAVG,GHCND:USW00014792,",W",21.9
2015-09-01T00:00:00,TAVG,GHCND:USW00054743,",W",21.4
2015-09-01T00:00:00,TAVG,GHCND:USW00054779,",W",19.6
2015-09-01T00:00:00,TAVG,GHCND:USW00054785,",W",21.0
2015-09-01T00:00:00,TAVG,GHCND:USW00054793,",W",19.2
2015-09-01T00:00:00,TAVG,GHCND:USW00093730,",W",22.0
2015-09-01T00:00:00,TAVG,GHCND:USW00093780,",W",21.4
2015-09-01T00:00:00,TAVG,GHCND:USW00094741,",W",22.7
2015-10-01T00:00:00,TAVG,GHCND:USC00280331,",7",12.2
2015-10-01T00:00:00,TAVG,GHCND:USC00280734,"1,7",10.7
2015-10-01T00:00:00,TAVG,GHCND:USC00280907,",7",11.4
2015-10-01T00:00:00,TAVG,GHCND:USC00281335,"3,7",12.6
2015-10-01T00:00:00,TAVG,GHCND:USC00281351,",7",14.4
2015-10-01T00:00:00,TAVG,GHCND:USC00281582,",7",10.5
2015-10-01T00:00:00,TAVG,GHCND:USC00282805,",7",12.8
2015-10-01T00:00:00,TAVG,GHCND:USC00283029,",7",11.6
2015-10-01T00:00:00,TAVG,GHCND:USC00283181,",7",12.0
2015-10-01T00:00:00,TAVG,GHCND:USC00283704,",7",13.3
2015-10-01T00:00:00,TAVG,GHCND:USC00283951,",7",11.3
2015-10-01T00:00:00,TAVG,GHCND:USC00284229,"2,7",12.6
2015-10-01T00:00:00,TAVG,GHCND:USC00284987,",7",13.1
2015-10-01T00:00:00,TAVG,GHCND:USC00285243,",Z",13.1
2015-10-01T00:00:00,TAVG,GHCND:USC00286055,",7",12.7
2015-10-01T00:00:00,TAVG,GHCND:USC00286864,",7",12.3
2015-10-01T00:00:00,TAVG,GHCND:USC00286964,",7",11.8
2015-10-01T00:00:00,TAVG,GHCND:USC00286979,",7",12.0
2015-10-01T00:00:00,TAVG,GHCND:USC00287936,",7",13.7
2015-10-01T00:00:00,TAVG,GHCND:USC00288644,",7",10.3
2015-10-01T00:00:00,TAVG,GHCND:USC00289363,",7",11.7
2015-10-01T00:00:00,TAVG,GHCND:USC00306774,",7",10.3
2015-10-01T00:00:00,TAVG,GHCND:USR0000JEBF,",U",13.5
2015-10-01T00:00:00,TAVG,GHCND:USW00013724,",W",14.9
2015-10-01T00:00:00,TAVG,GHCND:USW00013735,",W",12.7
2015-10-01T00:00:00,TAVG,GHCND:USW00014734,",W",14.0
2015-10-01T00:00:00,TAVG,GHCND:USW00014792,",W",12.9
2015-10-01T00:00:00,TAVG,GHCND:USW00054743,",W",12.4
2015-10-01T00:00:00,TAVG,GHCND:USW00054779,",W",10.6
2015-10-01T00:00:00,TAVG,GHCND:USW00054785,",W",11.6
2015-10-01T00:00:00,TAVG,GHCND:USW00054793,",W",10.2
2015-10-01T00:00:00,TAVG,GHCND:USW00093730,",W",13.2
2015-10-01T00:00:00,TAVG,GHCND:USW00093780,",W",12.3
2015-10-01T00:00:00,TAVG,GHCND:USW00094741,",W",13.6
2015-11-01T00:00:00,TAVG,GHCND:USC00280734,",7",7.6
2015-11-01T00:00:00,TAVG,GHCND:USC00280907,",7",8.7
2015-11-01T00:00:00,TAVG,GHCND:USC00281335,",7",9.4
2015-11-01T00:00:00,TAVG,GHCND:USC00281351,",7",11.8
2015-11-01T00:00:00,TAVG,GHCND:USC00281582,"1,7",7.5
2015-11-01T00:00:00,TAVG,GHCND:USC00282023,"7,7",9.8
2015-11-01T00:00:00,TAVG,GHCND:USC00282805,",7",10.1
2015-11-01T00:00:00,TAVG,GHCND:USC00283029,",7",8.7
2015-11-01T00:00:00,TAVG,GHCND:USC00283181,",7",9.4
2015-11-01T00:00:00,TAVG,GHCND:USC00283704,",7",10.3
2015-11-01T00:00:00,TAVG,GHCND:USC00283951,",7",8.7
2015-11-01T00:00:00,TAVG,GHCND:USC00284229,",7",9.8
2015-11-01T00:00:00,TAVG,GHCND:USC00284987,"1,7",10.5
2015-11-01T00:00:00,TAVG,GHCND:USC00285243,",Z",10.6
2015-11-01T00:00:00,TAVG,GHCND:USC00286055,",7",10.1
2015-11-01T00:00:00,TAVG,GHCND:USC00286864,",7",9.3
2015-11-01T00:00:00,TAVG,GHCND:USC00286964,",7",9.2
2015-11-01T00:00:00,TAVG,GHCND:USC00286979,",7",8.8
2015-11-01T00:00:00,TAVG,GHCND:USC00287936,",7",10.7
2015-11-01T00:00:00,TAVG,GHCND:USC00288644,",7",7.4
2015-11-01T00:00:00,TAVG,GHCND:USC00289363,",7",9.1
2015-11-01T00:00:00,TAVG,GHCND:USC00306774,",7",6.8
2015-11-01T00:00:00,TAVG,GHCND:USR0000JEBF,",U",11.1
2015-11-01T00:00:00,TAVG,GHCND:USW00013724,",W",12.7
2015-11-01T00:00:00,TAVG,GHCND:USW00013735,",W",10.1
2015-11-01T00:00:00,TAVG,GHCND:USW00014734,",W",11.1
2015-11-01T00:00:00,TAVG,GHCND:USW00014792,",W",10.1
2015-11-01T00:00:00,TAVG,GHCND:USW00054743,",W",9.6
2015-11-01T00:00:00,TAVG,GHCND:USW00054779,",W",8.1
2015-11-01T00:00:00,TAVG,GHCND:USW00054785,"2,W",9.2
2015-11-01T00:00:00,TAVG,GHCND:USW00054793,",W",7.5
2015-11-01T00:00:00,TAVG,GHCND:USW00093730,",W",10.6
2015-11-01T00:00:00,TAVG,GHCND:USW00093780,",W",9.7
2015-11-01T00:00:00,TAVG,GHCND:USW00094741,",W",10.8
2015-12-01T00:00:00,TAVG,GHCND:USC00280734,"2,7",5.9
2015-12-01T00:00:00,TAVG,GHCND:USC00280907,",7",7.2
2015-12-01T00:00:00,TAVG,GHCND:USC00281335,",7",8.0
2015-12-01T00:00:00,TAVG,GHCND:USC00281351,",7",10.5
2015-12-01T00:00:00,TAVG,GHCND:USC00281582,",7",6.3
2015-12-01T00:00:00,TAVG,GHCND:USC00282023,"6,7",8.9
2015-12-01T00:00:00,TAVG,GHCND:USC00282805,",7",9.9
2015-12-01T00:00:00,TAVG,GHCND:USC00283029,",7",7.2
2015-12-01T00:00:00,TAVG,GHCND:USC00283181,",7",9.3
2015-12-01T00:00:00,TAVG,GHCND:USC00283704,",7",8.7
2015-12-01T00:00:00,TAVG,GHCND:USC00283951,",7",8.6
2015-12-01T00:00:00,TAVG,GHCND:USC00284229,",7",9.7
2015-12-01T00:00:00,TAVG,GHCND:USC00284987,",7",9.8
2015-12-01T00:00:00,TAVG,GHCND:USC00285243,",Z",9.6
2015-12-01T00:00:00,TAVG,GHCND:USC00286055,",7",9.2
2015-12-01T00:00:00,TAVG,GHCND:USC00286864,",7",9.0
2015-12-01T00:00:00,TAVG,GHCND:USC00286964,",7",8.8
2015-12-01T00:00:00,TAVG,GHCND:USC00286979,",7",7.1
2015-12-01T00:00:00,TAVG,GHCND:USC00287936,",7",9.8
2015-12-01T00:00:00,TAVG,GHCND:USC00288644,",7",5.6
2015-12-01T00:00:00,TAVG,GHCND:USC00289363,",7",7.9
2015-12-01T00:00:00,TAVG,GHCND:USC00306774,",7",5.1
2015-12-01T00:00:00,TAVG,GHCND:USR0000JEBF,"2,U",10.4
2015-12-01T00:00:00,TAVG,GHCND:USW00013724,",W",11.3
2015-12-01T00:00:00,TAVG,GHCND:USW00013735,",W",9.7
2015-12-01T00:00:00,TAVG,GHCND:USW00014734,",W",9.9
2015-12-01T00:00:00,TAVG,GHCND:USW00014792,",W",9.5
2015-12-01T00:00:00,TAVG,GHCND:USW00054743,",W",8.1
2015-12-01T00:00:00,TAVG,GHCND:USW00054785,",W",8.1
2015-12-01T00:00:00,TAVG,GHCND:USW00054793,",W",6.2
2015-12-01T00:00:00,TAVG,GHCND:USW00093730,",W",10.4
2015-12-01T00:00:00,TAVG,GHCND:USW00093780,",W",9.6
2015-12-01T00:00:00,TAVG,GHCND:USW00094741,",W",9.3
2016-01-01T00:00:00,TAVG,GHCND:USC00280734,",7",-2.9
2016-01-01T00:00:00,TAVG,GHCND:USC00280907,"2,7",-1.3
2016-01-01T00:00:00,TAVG,GHCND:USC00281335,",7",-1.1
2016-01-01T00:00:00,TAVG,GHCND:USC00281351,",7",2.2
2016-01-01T00:00:00,TAVG,GHCND:USC00281582,",7",-2.8
2016-01-01T00:00:00,TAVG,GHCND:USC00283029,",7",-1.9
2016-01-01T00:00:00,TAVG,GHCND:USC00283181,",7",0.0
2016-01-01T00:00:00,TAVG,GHCND:USC00283704,",7",0.1
2016-01-01T00:00:00,TAVG,GHCND:USC00283951,",7",-0.9
2016-01-01T00:00:00,TAVG,GHCND:USC00284229,",7",0.5
2016-01-01T00:00:00,TAVG,GHCND:USC00284987,",7",0.3
2016-01-01T00:00:00,TAVG,GHCND:USC00285243,",Z",0.5
2016-01-01T00:00:00,TAVG,GHCND:USC00286055,",7",-0.4
2016-01-01T00:00:00,TAVG,GHCND:USC00286864,",7",-0.3
2016-01-01T00:00:00,TAVG,GHCND:USC00286964,",7",-1.0
2016-01-01T00:00:00,TAVG,GHCND:USC00286979,",7",-1.7
2016-01-01T00:00:00,TAVG,GHCND:USC00287936,",7",0.4
2016-01-01T00:00:00,TAVG,GHCND:USC00288644,",7",-3.1
2016-01-01T00:00:00,TAVG,GHCND:USC00289363,"1,7",-1.6
2016-01-01T00:00:00,TAVG,GHCND:USC00306774,",7",-3.3
2016-01-01T00:00:00,TAVG,GHCND:USR0000JEBF,",U",1.2
2016-01-01T00:00:00,TAVG,GHCND:USW00013724,",W",2.7
2016-01-01T00:00:00,TAVG,GHCND:USW00013735,",W",0.1
2016-01-01T00:00:00,TAVG,GHCND:USW00014734,",W",0.8
2016-01-01T00:00:00,TAVG,GHCND:USW00014792,",W",-0.3
2016-01-01T00:00:00,TAVG,GHCND:USW00054743,",W",-0.3
2016-01-01T00:00:00,TAVG,GHCND:USW00054779,"1,W",-2.0
2016-01-01T00:00:00,TAVG,GHCND:USW00054785,",W",-0.9
2016-01-01T00:00:00,TAVG,GHCND:USW00054793,",W",-2.1
2016-01-01T00:00:00,TAVG,GHCND:USW00093730,",W",0.9
2016-01-01T00:00:00,TAVG,GHCND:USW00093780,",W",-0.1
2016-01-01T00:00:00,TAVG,GHCND:USW00094741,",W",0.5
2016-02-01T00:00:00,TAVG,GHCND:USC00280734,",7",0.0
2016-02-01T00:00:00,TAVG,GHCND:USC00280907,",7",0.9
2016-02-01T00:00:00,TAVG,GHCND:USC00281335,",7",1.8
2016-02-01T00:00:00,TAVG,GHCND:USC00281351,",7",3.9
2016-02-01T00:00:00,TAVG,GHCND:USC00281582,",7",-0.4
2016-02-01T00:00:00,TAVG,GHCND:USC00283029,",7",0.7
2016-02-01T00:00:00,TAVG,GHCND:USC00283181,",7",2.6
2016-02-01T00:00:00,TAVG,GHCND:USC00283704,",7",2.2
2016-02-01T00:00:00,TAVG,GHCND:USC00283951,",7",1.5
2016-02-01T00:00:00,TAVG,GHCND:USC00284229,",7",2.5
2016-02-01T00:00:00,TAVG,GHCND:USC00284987,",7",2.6
2016-02-01T00:00:00,TAVG,GHCND:USC00285243,",Z",2.5
2016-02-01T00:00:00,TAVG,GHCND:USC00286055,",7",2.4
2016-02-01T00:00:00,TAVG,GHCND:USC00286864,",7",2.1
2016-02-01T00:00:00,TAVG,GHCND:USC00286964,",7",1.6
2016-02-01T00:00:00,TAVG,GHCND:USC00286979,",7",0.9
2016-02-01T00:00:00,TAVG,GHCND:USC00287936,",7",3.4
2016-02-01T00:00:00,TAVG,GHCND:USC00288644,",7",-1.0
2016-02-01T00:00:00,TAVG,GHCND:USC00289363,",7",1.2
2016-02-01T00:00:00,TAVG,GHCND:USC00306774,"1,7",-1.4
2016-02-01T00:00:00,TAVG,GHCND:USW00013724,",W",4.3
2016-02-01T00:00:00,TAVG,GHCND:USW00013735,"1,W",2.9
2016-02-01T00:00:00,TAVG,GHCND:USW00014734,",W",2.9
2016-02-01T00:00:00,TAVG,GHCND:USW00014792,",W",2.4
2016-02-01T00:00:00,TAVG,GHCND:USW00054743,",W",1.9
2016-02-01T00:00:00,TAVG,GHCND:USW00054779,",W",0.2
2016-02-01T00:00:00,TAVG,GHCND:USW00054785,",W",1.3
2016-02-01T00:00:00,TAVG,GHCND:USW00054793,",W",0.3
2016-02-01T00:00:00,TAVG,GHCND:USW00093730,",W",3.4
2016-02-01T00:00:00,TAVG,GHCND:USW00093780,"1,W",2.2
2016-02-01T00:00:00,TAVG,GHCND:USW00094741,",W",2.5
2016-03-01T00:00:00,TAVG,GHCND:USC00280734,"1,7",5.8
2016-03-01T00:00:00,TAVG,GHCND:USC00280907,",7",7.1
2016-03-01T00:00:00,TAVG,GHCND:USC00281335,",7",8.1
2016-03-01T00:00:00,TAVG,GHCND:USC00281351,",7",9.0
2016-03-01T00:00:00,TAVG,GHCND:USC00281582,",7",6.2
2016-03-01T00:00:00,TAVG,GHCND:USC00282805,",7",8.4
2016-03-01T00:00:00,TAVG,GHCND:USC00283029,",7",7.4
2016-03-01T00:00:00,TAVG,GHCND:USC00283181,",7",8.6
2016-03-01T00:00:00,TAVG,GHCND:USC00283704,",7",8.3
2016-03-01T00:00:00,TAVG,GHCND:USC00283951,"1,7",8.0
2016-03-01T00:00:00,TAVG,GHCND:USC00284229,",7",8.9
2016-03-01T00:00:00,TAVG,GHCND:USC00284987,",7",7.6
2016-03-01T00:00:00,TAVG,GHCND:USC00285243,",Z",8.1
2016-03-01T00:00:00,TAVG,GHCND:USC00286055,",7",8.7
2016-03-01T00:00:00,TAVG,GHCND:USC00286864,"1,7",8.8
2016-03-01T00:00:00,TAVG,GHCND:USC00286964,",7",8.0
2016-03-01T00:00:00,TAVG,GHCND:USC00286979,"2,7",7.6
2016-03-01T00:00:00,TAVG,GHCND:USC00287936,",7",9.4
2016-03-01T00:00:00,TAVG,GHCND:USC00288644,",7",6.2
2016-03-01T00:00:00,TAVG,GHCND:USC00289363,",7",7.5
2016-03-01T00:00:00,TAVG,GHCND:USC00306774,",7",5.3
2016-03-01T00:00:00,TAVG,GHCND:USR0000JEBF,"3,U",9.2
2016-03-01T00:00:00,TAVG,GHCND:USW00013724,",W",9.1
2016-03-01T00:00:00,TAVG,GHCND:USW00013735,",W",8.6
2016-03-01T00:00:00,TAVG,GHCND:USW00014734,",W",9.5
2016-03-01T00:00:00,TAVG,GHCND:USW00014792,",W",8.9
2016-03-01T00:00:00,TAVG,GHCND:USW00054743,",W",8.4
2016-03-01T00:00:00,TAVG,GHCND:USW00054779,"2,W",6.8
2016-03-01T00:00:00,TAVG,GHCND:USW00054785,",W",7.9
2016-03-01T00:00:00,TAVG,GHCND:USW00054793,",W",6.7
2016-03-01T00:00:00,TAVG,GHCND:USW00093730,",W",8.8
2016-03-01T00:00:00,TAVG,GHCND:USW00093780,",W",8.8
2016-03-01T00:00:00,TAVG,GHCND:USW00094741,",W",8.7
2016-04-01T00:00:00,TAVG,GHCND:USC00280331,",7",10.1
2016-04-01T00:00:00,TAVG,GHCND:USC00280734,",7",8.8
2016-04-01T00:00:00,TAVG,GHCND:USC00280907,",7",9.8
2016-04-01T00:00:00,TAVG,GHCND:USC00281335,",7",10.7
2016-04-01T00:00:00,TAVG,GHCND:USC00281351,",7",10.8
2016-04-01T00:00:00,TAVG,GHCND:USC00281582,",7",9.0
2016-04-01T00:00:00,TAVG,GHCND:USC00282805,",7",10.8
2016-04-01T00:00:00,TAVG,GHCND:USC00283029,",7",10.1
2016-04-01T00:00:00,TAVG,GHCND:USC00283181,",7",11.0
2016-04-01T00:00:00,TAVG,GHCND:USC00283704,",7",11.1
2016-04-01T00:00:00,TAVG,GHCND:USC00283951,",7",10.3
2016-04-01T00:00:00,TAVG,GHCND:USC00284229,",7",10.9
2016-04-01T00:00:00,TAVG,GHCND:USC00284987,",7",9.9
2016-04-01T00:00:00,TAVG,GHCND:USC00285243,",Z",9.7
2016-04-01T00:00:00,TAVG,GHCND:USC00286055,",7",11.1
2016-04-01T00:00:00,TAVG,GHCND:USC00286864,",7",11.2
2016-04-01T00:00:00,TAVG,GHCND:USC00286964,",7",10.5
2016-04-01T00:00:00,TAVG,GHCND:USC00286979,",7",10.3
2016-04-01T00:00:00,TAVG,GHCND:USC00287936,"1,7",11.5
2016-04-01T00:00:00,TAVG,GHCND:USC00288644,",7",8.4
2016-04-01T00:00:00,TAVG,GHCND:USC00289363,",7",9.8
2016-04-01T00:00:00,TAVG,GHCND:USC00306774,",7",7.7
2016-04-01T00:00:00,TAVG,GHCND:USR0000JEBF,",U",10.0
2016-04-01T00:00:00,TAVG,GHCND:USW00013724,",W",10.6
2016-04-01T00:00:00,TAVG,GHCND:USW00013735,",W",10.5
2016-04-01T00:00:00,TAVG,GHCND:USW00014734,",W",11.8
2016-04-01T00:00:00,TAVG,GHCND:USW00014792,",W",10.9
2016-04-01T00:00:00,TAVG,GHCND:USW00054743,",W",10.7
2016-04-01T00:00:00,TAVG,GHCND:USW00054779,",W",9.2
2016-04-01T00:00:00,TAVG,GHCND:USW00054785,",W",10.1
2016-04-01T00:00:00,TAVG,GHCND:USW00054793,",W",8.9
2016-04-01T00:00:00,TAVG,GHCND:USW00093730,",W",10.1
2016-04-01T00:00:00,TAVG,GHCND:USW00093780,",W",10.4
2016-04-01T00:00:00,TAVG,GHCND:USW00094741,",W",11.2
2016-05-01T00:00:00,TAVG,GHCND:USC00280331,"2,7",15.4
2016-05-01T00:00:00,TAVG,GHCND:USC00280734,",7",14.5
2016-05-01T00:00:00,TAVG,GHCND:USC00280907,",7",15.3
2016-05-01T00:00:00,TAVG,GHCND:USC00281335,",7",15.9
2016-05-01T00:00:00,TAVG,GHCND:USC00281351,",7",15.8
2016-05-01T00:00:00,TAVG,GHCND:USC00281582,",7",14.1
2016-05-01T00:00:00,TAVG,GHCND:USC00282805,",7",15.7
2016-05-01T00:00:00,TAVG,GHCND:USC00283029,",7",15.4
2016-05-01T00:00:00,TAVG,GHCND:USC00283181,"2,7",15.5
2016-05-01T00:00:00,TAVG,GHCND:USC00283704,",7",16.5
2016-05-01T00:00:00,TAVG,GHCND:USC00283951,",7",15.5
2016-05-01T00:00:00,TAVG,GHCND:USC00284229,"1,7",15.6
2016-05-01T00:00:00,TAVG,GHCND:USC00284987,",7",14.7
2016-05-01T00:00:00,TAVG,GHCND:USC00285243,",Z",14.8
2016-05-01T00:00:00,TAVG,GHCND:USC00286055,",7",16.1
2016-05-01T00:00:00,TAVG,GHCND:USC00286864,",7",15.8
2016-05-01T00:00:00,TAVG,GHCND:USC00286964,",7",15.5
2016-05-01T00:00:00,TAVG,GHCND:USC00286979,"1,7",15.7
2016-05-01T00:00:00,TAVG,GHCND:USC00288644,",7",14.4
2016-05-01T00:00:00,TAVG,GHCND:USC00289363,",7",15.2
2016-05-01T00:00:00,TAVG,GHCND:USC00306774,",7",13.6
2016-05-01T00:00:00,TAVG,GHCND:USR0000JEBF,",U",15.6
2016-05-01T00:00:00,TAVG,GHCND:USW00013724,",W",15.4
2016-05-01T00:00:00,TAVG,GHCND:USW00013735,",W",15.6
2016-05-01T00:00:00,TAVG,GHCND:USW00014734,",W",17.0
2016-05-01T00:00:00,TAVG,GHCND:USW00014792,",W",16.3
2016-05-01T00:00:00,TAVG,GHCND:USW00054743,",W",16.3
2016-05-01T00:00:00,TAVG,GHCND:USW00054779,"1,W",15.4
2016-05-01T00:00:00,TAVG,GHCND:USW00054785,",W",15.4
2016-05-01T00:00:00,TAVG,GHCND:USW00054793,",W",14.9
2016-05-01T00:00:00,TAVG,GHCND:USW00093730,",W",15.8
2016-05-01T00:00:00,TAVG,GHCND:USW00093780,",W",15.9
2016-05-01T00:00:00,TAVG,GHCND:USW00094741,"2,W",17.1
2016-06-01T00:00:00,TAVG,GHCND:USC00280331,",7",21.8
2016-06-01T00:00:00,TAVG,GHCND:USC00280734,"2,7",20.0
2016-06-01T00:00:00,TAVG,GHCND:USC00280907,",7",20.9
2016-06-01T00:00:00,TAVG,GHCND:USC00281335,",7",22.6
2016-06-01T00:00:00,TAVG,GHCND:USC00281351,",7",22.1
2016-06-01T00:00:00,TAVG,GHCND:USC00281582,",7",19.6
2016-06-01T00:00:00,TAVG,GHCND:USC00282805,",7",21.7
2016-06-01T00:00:00,TAVG,GHCND:USC00283029,",7",21.4
2016-06-01T00:00:00,TAVG,GHCND:USC00283181,"1,7",21.5
2016-06-01T00:00:00,TAVG,GHCND:USC00283704,",7",22.7
2016-06-01T00:00:00,TAVG,GHCND:USC00283951,",7",21.5
2016-06-01T00:00:00,TAVG,GHCND:USC00284229,",7",21.8
2016-06-01T00:00:00,TAVG,GHCND:USC00284987,",7",20.4
2016-06-01T00:00:00,TAVG,GHCND:USC00285243,",Z",21.0
2016-06-01T00:00:00,TAVG,GHCND:USC00286055,",7",21.7
2016-06-01T00:00:00,TAVG,GHCND:USC00286864,",7",22.4
2016-06-01T00:00:00,TAVG,GHCND:USC00286964,",7",21.9
2016-06-01T00:00:00,TAVG,GHCND:USC00286979,",7",21.6
2016-06-01T00:00:00,TAVG,GHCND:USC00288644,",7",19.6
2016-06-01T00:00:00,TAVG,GHCND:USC00289363,"1,7",20.9
2016-06-01T00:00:00,TAVG,GHCND:USC00306774,",7",19.4
2016-06-01T00:00:00,TAVG,GHCND:USR0000JEBF,",U",21.7
2016-06-01T00:00:00,TAVG,GHCND:USW00013724,"1,W",21.5
2016-06-01T00:00:00,TAVG,GHCND:USW00013735,"1,W",21.7
2016-06-01T00:00:00,TAVG,GHCND:USW00014734,",W",22.7
2016-06-01T00:00:00,TAVG,GHCND:USW00014792,",W",22.2
2016-06-01T00:00:00,TAVG,GHCND:USW00054743,",W",21.5
2016-06-01T00:00:00,TAVG,GHCND:USW00054779,",W",19.8
2016-06-01T00:00:00,TAVG,GHCND:USW00054785,",W",21.1
2016-06-01T00:00:00,TAVG,GHCND:USW00054793,"1,W",19.8
2016-06-01T00:00:00,TAVG,GHCND:USW00093730,",W",21.7
2016-06-01T00:00:00,TAVG,GHCND:USW00093780,"1,W",22.0
2016-06-01T00:00:00,TAVG,GHCND:USW00094741,",W",22.5
2016-07-01T00:00:00,TAVG,GHCND:USC00280331,",7",25.0
2016-07-01T00:00:00,TAVG,GHCND:USC00280734,"2,7",23.5
2016-07-01T00:00:00,TAVG,GHCND:USC00280907,",7",24.4
2016-07-01T00:00:00,TAVG,GHCND:USC00281335,",7",25.1
2016-07-01T00:00:00,TAVG,GHCND:USC00281351,",7",26.2
2016-07-01T00:00:00,TAVG,GHCND:USC00281582,",7",23.2
2016-07-01T00:00:00,TAVG,GHCND:USC00282805,",7",25.7
2016-07-01T00:00:00,TAVG,GHCND:USC00283029,"1,7",24.8
2016-07-01T00:00:00,TAVG,GHCND:USC00283181,",7",24.9
2016-07-01T00:00:00,TAVG,GHCND:USC00283704,",7",26.5
2016-07-01T00:00:00,TAVG,GHCND:USC00283951,",7",25.0
2016-07-01T00:00:00,TAVG,GHCND:USC00284229,",7",24.9
2016-07-01T00:00:00,TAVG,GHCND:USC00285243,",Z",25.1
2016-07-01T00:00:00,TAVG,GHCND:USC00286055,",7",25.5
2016-07-01T00:00:00,TAVG,GHCND:USC00286864,",7",25.8
2016-07-01T00:00:00,TAVG,GHCND:USC00286964,",7",25.1
2016-07-01T00:00:00,TAVG,GHCND:USC00286979,"3,7",24.9
2016-07-01T00:00:00,TAVG,GHCND:USC00288644,",7",23.0
2016-07-01T00:00:00,TAVG,GHCND:USC00289363,",7",24.4
2016-07-01T00:00:00,TAVG,GHCND:USC00306774,",7",22.9
2016-07-01T00:00:00,TAVG,GHCND:USR0000JEBF,",U",25.6
2016-07-01T00:00:00,TAVG,GHCND:USW00013724,",W",24.9
2016-07-01T00:00:00,TAVG,GHCND:USW00013735,",W",25.7
2016-07-01T00:00:00,TAVG,GHCND:USW00014734,",W",26.6
2016-07-01T00:00:00,TAVG,GHCND:USW00014792,",W",25.8
2016-07-01T00:00:00,TAVG,GHCND:USW00054743,",W",25.4
2016-07-01T00:00:00,TAVG,GHCND:USW00054779,",W",23.4
2016-07-01T00:00:00,TAVG,GHCND:USW00054785,",W",24.8
2016-07-01T00:00:00,TAVG,GHCND:USW00054793,",W",23.3
2016-07-01T00:00:00,TAVG,GHCND:USW00093730,",W",25.6
2016-07-01T00:00:00,TAVG,GHCND:USW00093780,"1,W",25.6
2016-07-01T00:00:00,TAVG,GHCND:USW00094741,"1,W",26.4
2016-08-01T00:00:00,TAVG,GHCND:USC00280331,",7",24.9
2016-08-01T00:00:00,TAVG,GHCND:USC00280734,",7",23.2
2016-08-01T00:00:00,TAVG,GHCND:USC00280907,",7",24.3
2016-08-01T00:00:00,TAVG,GHCND:USC00281335,"1,7",25.4
2016-08-01T00:00:00,TAVG,GHCND:USC00281351,",7",26.3
2016-08-01T00:00:00,TAVG,GHCND:USC00281582,",7",22.9
2016-08-01T00:00:00,TAVG,GHCND:USC00282805,",7",25.4
2016-08-01T00:00:00,TAVG,GHCND:USC00283029,"2,7",24.4
2016-08-01T00:00:00,TAVG,GHCND:USC00283181,"1,7",24.9
2016-08-01T00:00:00,TAVG,GHCND:USC00283704,",7",26.1
2016-08-01T00:00:00,TAVG,GHCND:USC00283951,",7",24.4
2016-08-01T00:00:00,TAVG,GHCND:USC00284229,",7",25.1
2016-08-01T00:00:00,TAVG,GHCND:USC00284987,"1,7",25.0
2016-08-01T00:00:00,TAVG,GHCND:USC00285243,"1,Z",25.1
2016-08-01T00:00:00,TAVG,GHCND:USC00286055,",7",25.2
2016-08-01T00:00:00,TAVG,GHCND:USC00286864,",7",25.7
2016-08-01T00:00:00,TAVG,GHCND:USC00286964,",7",24.8
2016-08-01T00:00:00,TAVG,GHCND:USC00286979,"1,7",24.0
2016-08-01T00:00:00,TAVG,GHCND:USC00287936,",7",25.9
2016-08-01T00:00:00,TAVG,GHCND:USC00288644,"2,7",22.9
2016-08-01T00:00:00,TAVG,GHCND:USC00289363,"1,7",24.1
2016-08-01T00:00:00,TAVG,GHCND:USC00306774,",7",22.6
2016-08-01T00:00:00,TAVG,GHCND:USR0000JEBF,",U",25.9
2016-08-01T00:00:00,TAVG,GHCND:USW00013724,",W",25.4
2016-08-01T00:00:00,TAVG,GHCND:USW00013735,",W",25.5
2016-08-01T00:00:00,TAVG,GHCND:USW00014734,",W",26.6
2016-08-01T00:00:00,TAVG,GHCND:USW00014792,",W",25.6
2016-08-01T00:00:00,TAVG,GHCND:USW00054743,",W",25.2
2016-08-01T00:00:00,TAVG,GHCND:USW00054779,",W",23.1
2016-08-01T00:00:00,TAVG,GHCND:USW00054785,",W",24.6
2016-08-01T00:00:00,TAVG,GHCND:USW00054793,",W",22.9
2016-08-01T00:00:00,TAVG,GHCND:USW00093730,",W",25.7
2016-08-01T00:00:00,TAVG,GHCND:USW00093780,",W",25.2
2016-08-01T00:00:00,TAVG,GHCND:USW00094741,",W",26.3
2016-09-01T00:00:00,TAVG,GHCND:USC00280331,"2,7",20.4
2016-09-01T00:00:00,TAVG,GHCND:USC00280734,",7",19.7
2016-09-01T00:00:00,TAVG,GHCND:USC00280907,",7",20.0
2016-09-01T00:00:00,TAVG,GHCND:USC00281335,",7",21.2
2016-09-01T00:00:00,TAVG,GHCND:USC00281351,",7",22.4
2016-09-01T00:00:00,TAVG,GHCND:USC00281582,",7",19.1
2016-09-01T00:00:00,TAVG,GHCND:USC00282805,",7",21.5
2016-09-01T00:00:00,TAVG,GHCND:USC00283029,"1,7",20.2
2016-09-01T00:00:00,TAVG,GHCND:USC00283181,",7",21.2
2016-09-01T00:00:00,TAVG,GHCND:USC00283704,",7",21.8
2016-09-01T00:00:00,TAVG,GHCND:USC00283951,"1,7",20.1
2016-09-01T00:00:00,TAVG,GHCND:USC00284229,",7",21.2
2016-09-01T00:00:00,TAVG,GHCND:USC00284987,",7",21.1
2016-09-01T00:00:00,TAVG,GHCND:USC00285243,",Z",21.1
2016-09-01T00:00:00,TAVG,GHCND:USC00286055,",7",21.3
2016-09-01T00:00:00,TAVG,GHCND:USC00286864,"1,7",21.5
2016-09-01T00:00:00,TAVG,GHCND:USC00286964,",7",20.7
2016-09-01T00:00:00,TAVG,GHCND:USC00286979,",7",20.7
2016-09-01T00:00:00,TAVG,GHCND:USC00287936,",7",22.1
2016-09-01T00:00:00,TAVG,GHCND:USC00288644,",7",19.1
2016-09-01T00:00:00,TAVG,GHCND:USC00289363,"3,7",20.2
2016-09-01T00:00:00,TAVG,GHCND:USC00306774,",7",18.2
2016-09-01T00:00:00,TAVG,GHCND:USR0000JEBF,",U",21.7
2016-09-01T00:00:00,TAVG,GHCND:USW00013724,",W",22.0
2016-09-01T00:00:00,TAVG,GHCND:USW00013735,",W",21.3
2016-09-01T00:00:00,TAVG,GHCND:USW00014734,",W",22.1
2016-09-01T00:00:00,TAVG,GHCND:USW00014792,",W",21.4
2016-09-01T00:00:00,TAVG,GHCND:USW00054743,",W",20.8
2016-09-01T00:00:00,TAVG,GHCND:USW00054779,",W",19.0
2016-09-01T00:00:00,TAVG,GHCND:USW00054785,",W",20.4
2016-09-01T00:00:00,TAVG,GHCND:USW00093730,",W",21.7
2016-09-01T00:00:00,TAVG,GHCND:USW00093780,"1,W",20.9
2016-09-01T00:00:00,TAVG,GHCND:USW00094741,",W",22.0
2016-10-01T00:00:00,TAVG,GHCND:USC00280734,",7",11.8
2016-10-01T00:00:00,TAVG,GHCND:USC00280907,"1,7",12.6
2016-10-01T00:00:00,TAVG,GHCND:USC00281335,",7",13.9
2016-10-01T00:00:00,TAVG,GHCND:USC00281351,",7",16.1
2016-10-01T00:00:00,TAVG,GHCND:USC00281582,",7",11.9
2016-10-01T00:00:00,TAVG,GHCND:USC00282805,",7",14.3
2016-10-01T00:00:00,TAVG,GHCND:USC00283029,",7",12.7
2016-10-01T00:00:00,TAVG,GHCND:USC00283181,"1,7",13.4
2016-10-01T00:00:00,TAVG,GHCND:USC00283704,",7",14.1
2016-10-01T00:00:00,TAVG,GHCND:USC00283951,",7",12.9
2016-10-01T00:00:00,TAVG,GHCND:USC00284229,",7",14.3
2016-10-01T00:00:00,TAVG,GHCND:USC00284987,",7",13.9
2016-10-01T00:00:00,TAVG,GHCND:USC00285243,",Z",14.5
2016-10-01T00:00:00,TAVG,GHCND:USC00286055,",7",13.6
2016-10-01T00:00:00,TAVG,GHCND:USC00286864,",7",13.7
2016-10-01T00:00:00,TAVG,GHCND:USC00286964,",7",13.3
2016-10-01T00:00:00,TAVG,GHCND:USC00286979,",7",13.2
2016-10-01T00:00:00,TAVG,GHCND:USC00287936,",7",15.0
2016-10-01T00:00:00,TAVG,GHCND:USC00288644,",7",11.5
2016-10-01T00:00:00,TAVG,GHCND:USC00289363,",7",13.0
2016-10-01T00:00:00,TAVG,GHCND:USC00306774,",7",10.8
2016-10-01T00:00:00,TAVG,GHCND:USR0000JEBF,"2,U",14.8
2016-10-01T00:00:00,TAVG,GHCND:USW00013724,",W",15.8
2016-10-01T00:00:00,TAVG,GHCND:USW00013735,",W",14.4
2016-10-01T00:00:00,TAVG,GHCND:USW00014734,",W",14.9
2016-10-01T00:00:00,TAVG,GHCND:USW00014792,",W",14.0
2016-10-01T00:00:00,TAVG,GHCND:USW00054743,",W",13.4
2016-10-01T00:00:00,TAVG,GHCND:USW00054779,",W",11.9
2016-10-01T00:00:00,TAVG,GHCND:USW00054785,",W",13.1
2016-10-01T00:00:00,TAVG,GHCND:USW00054793,",W",11.5
2016-10-01T00:00:00,TAVG,GHCND:USW00093730,",W",14.6
2016-10-01T00:00:00,TAVG,GHCND:USW00094741,",W",14.5
2016-11-01T00:00:00,TAVG,GHCND:USC00280734,",7",6.0
2016-11-01T00:00:00,TAVG,GHCND:USC00280907,",7",7.4
2016-11-01T00:00:00,TAVG,GHCND:USC00281335,",7",7.7
2016-11-01T00:00:00,TAVG,GHCND:USC00281351,",7",9.8
2016-11-01T00:00:00,TAVG,GHCND:USC00281582,",7",6.7
2016-11-01T00:00:00,TAVG,GHCND:USC00282805,",7",8.2
2016-11-01T00:00:00,TAVG,GHCND:USC00283029,",7",7.1
2016-11-01T00:00:00,TAVG,GHCND:USC00283181,"2,7",8.8
2016-11-01T00:00:00,TAVG,GHCND:USC00283704,",7",9.1
2016-11-01T00:00:00,TAVG,GHCND:USC00283951,",7",7.3
2016-11-01T00:00:00,TAVG,GHCND:USC00284229,"4,7",8.1
2016-11-01T00:00:00,TAVG,GHCND:USC00284987,"1,7",8.7
2016-11-01T00:00:00,TAVG,GHCND:USC00285243,",Z",8.9
2016-11-01T00:00:00,TAVG,GHCND:USC00286055,",7",8.3
2016-11-01T00:00:00,TAVG,GHCND:USC00286864,",7",7.9
2016-11-01T00:00:00,TAVG,GHCND:USC00286964,",7",7.1
2016-11-01T00:00:00,TAVG,GHCND:USC00286979,",7",7.3
2016-11-01T00:00:00,TAVG,GHCND:USC00287936,",7",8.9
2016-11-01T00:00:00,TAVG,GHCND:USC00288644,",7",5.7
2016-11-01T00:00:00,TAVG,GHCND:USC00289363,",7",7.8
2016-11-01T00:00:00,TAVG,GHCND:USC00306774,",7",5.3
2016-11-01T00:00:00,TAVG,GHCND:USR0000JEBF,",U",9.5
2016-11-01T00:00:00,TAVG,GHCND:USW00013724,",W",10.3
2016-11-01T00:00:00,TAVG,GHCND:USW00013735,",W",8.1
2016-11-01T00:00:00,TAVG,GHCND:USW00014734,",W",9.8
2016-11-01T00:00:00,TAVG,GHCND:USW00014792,",W",8.6
2016-11-01T00:00:00,TAVG,GHCND:USW00054743,",W",8.4
2016-11-01T00:00:00,TAVG,GHCND:USW00054779,",W",6.4
2016-11-01T00:00:00,TAVG,GHCND:USW00054785,",W",7.4
2016-11-01T00:00:00,TAVG,GHCND:USW00054793,",W",6.4
2016-11-01T00:00:00,TAVG,GHCND:USW00093730,",W",9.1
2016-11-01T00:00:00,TAVG,GHCND:USW00093780,",W",8.3
2016-11-01T00:00:00,TAVG,GHCND:USW00094741,",W",9.4
2016-12-01T00:00:00,TAVG,GHCND:USC00280734,"1,7",0.1
2016-12-01T00:00:00,TAVG,GHCND:USC00280907,",7",1.0
2016-12-01T00:00:00,TAVG,GHCND:USC00281335,"1,7",2.0
2016-12-01T00:00:00,TAVG,GHCND:USC00281351,",7",4.6
2016-12-01T00:00:00,TAVG,GHCND:USC00281582,",7",0.4
2016-12-01T00:00:00,TAVG,GHCND:USC00282805,",7",3.2
2016-12-01T00:00:00,TAVG,GHCND:USC00283029,",7",1.3
2016-12-01T00:00:00,TAVG,GHCND:USC00283181,",7",3.0
2016-12-01T00:00:00,TAVG,GHCND:USC00283704,",7",3.0
2016-12-01T00:00:00,TAVG,GHCND:USC00283951,"1,7",2.4
2016-12-01T00:00:00,TAVG,GHCND:USC00284229,",7",2.4
2016-12-01T00:00:00,TAVG,GHCND:USC00284987,",7",3.7
2016-12-01T00:00:00,TAVG,GHCND:USC00285243,",Z",4.0
2016-12-01T00:00:00,TAVG,GHCND:USC00286055,",7",2.7
2016-12-01T00:00:00,TAVG,GHCND:USC00286864,",7",3.1
2016-12-01T00:00:00,TAVG,GHCND:USC00286964,",7",2.3
2016-12-01T00:00:00,TAVG,GHCND:USC00286979,",7",1.2
2016-12-01T00:00:00,TAVG,GHCND:USC00287936,",7",3.6
2016-12-01T00:00:00,TAVG,GHCND:USC00288644,"1,7",-0.9
2016-12-01T00:00:00,TAVG,GHCND:USC00289363,",7",1.9
2016-12-01T00:00:00,TAVG,GHCND:USC00306774,",7",-1.3
2016-12-01T00:00:00,TAVG,GHCND:USR0000JEBF,"2,U",4.0
2016-12-01T00:00:00,TAVG,GHCND:USW00013724,",W",5.1
2016-12-01T00:00:00,TAVG,GHCND:USW00013735,",W",2.7
2016-12-01T00:00:00,TAVG,GHCND:USW00014734,",W",3.2
2016-12-01T00:00:00,TAVG,GHCND:USW00014792,",W",2.6
2016-12-01T00:00:00,TAVG,GHCND:USW00054743,",W",1.9
2016-12-01T00:00:00,TAVG,GHCND:USW00054779,",W",0.1
2016-12-01T00:00:00,TAVG,GHCND:USW00054785,",W",1.2
2016-12-01T00:00:00,TAVG,GHCND:USW00054793,",W",0.0
2016-12-01T00:00:00,TAVG,GHCND:USW00093730,",W",3.6
2016-12-01T00:00:00,TAVG,GHCND:USW00093780,",W",2.6
2016-12-01T00:00:00,TAVG,GHCND:USW00094741,",W",2.7
2017-01-01T00:00:00,TAVG,GHCND:USC00280734,"1,7",-0.4
2017-01-01T00:00:00,TAVG,GHCND:USC00280907,",7",1.2
2017-01-01T00:00:00,TAVG,GHCND:USC00281335,",7",1.9
2017-01-01T00:00:00,TAVG,GHCND:USC00281351,",7",4.2
2017-01-01T00:00:00,TAVG,GHCND:USC00281582,",7",0.0
2017-01-01T00:00:00,TAVG,GHCND:USC00282805,",7",2.9
2017-01-01T00:00:00,TAVG,GHCND:USC00283029,",7",1.2
2017-01-01T00:00:00,TAVG,GHCND:USC00283181,"1,7",2.6
2017-01-01T00:00:00,TAVG,GHCND:USC00283704,",7",2.6
2017-01-01T00:00:00,TAVG,GHCND:USC00283951,",7",2.0
2017-01-01T00:00:00,TAVG,GHCND:USC00284229,",7",2.8
2017-01-01T00:00:00,TAVG,GHCND:USC00284987,",7",3.3
2017-01-01T00:00:00,TAVG,GHCND:USC00285243,"1,Z",2.7
2017-01-01T00:00:00,TAVG,GHCND:USC00286055,",7",2.4
2017-01-01T00:00:00,TAVG,GHCND:USC00286864,",7",2.6
2017-01-01T00:00:00,TAVG,GHCND:USC00286964,",7",1.9
2017-01-01T00:00:00,TAVG,GHCND:USC00286979,",7",0.9
2017-01-01T00:00:00,TAVG,GHCND:USC00287936,",7",3.1
2017-01-01T00:00:00,TAVG,GHCND:USC00288644,"3,7",-0.8
2017-01-01T00:00:00,TAVG,GHCND:USC00289363,",7",1.2
2017-01-01T00:00:00,TAVG,GHCND:USC00306774,",7",-0.7
2017-01-01T00:00:00,TAVG,GHCND:USR0000JEBF,",U",3.6
2017-01-01T00:00:00,TAVG,GHCND:USW00013724,",W",4.3
2017-01-01T00:00:00,TAVG,GHCND:USW00013735,",W",2.9
2017-01-01T00:00:00,TAVG,GHCND:USW00014734,",W",3.3
2017-01-01T00:00:00,TAVG,GHCND:USW00014792,",W",2.4
2017-01-01T00:00:00,TAVG,GHCND:USW00054743,",W",2.1
2017-01-01T00:00:00,TAVG,GHCND:USW00054779,",W",0.3
2017-01-01T00:00:00,TAVG,GHCND:USW00054785,",W",1.7
2017-01-01T00:00:00,TAVG,GHCND:USW00054793,",W",0.3
2017-01-01T00:00:00,TAVG,GHCND:USW00093730,",W",3.5
2017-01-01T00:00:00,TAVG,GHCND:USW00093780,",W",2.6
2017-01-01T00:00:00,TAVG,GHCND:USW00094741,",W",3.3
2017-02-01T00:00:00,TAVG,GHCND:USC00280734,"1,7",1.8
2017-02-01T00:00:00,TAVG,GHCND:USC00280907,",7",2.4
2017-02-01T00:00:00,TAVG,GHCND:USC00281335,",7",3.3
2017-02-01T00:00:00,TAVG,GHCND:USC00281351,",7",6.4
2017-02-01T00:00:00,TAVG,GHCND:USC00281582,",7",1.8
2017-02-01T00:00:00,TAVG,GHCND:USC00282805,",7",5.4
2017-02-01T00:00:00,TAVG,GHCND:USC00283029,",7",2.8
2017-02-01T00:00:00,TAVG,GHCND:USC00283181,",7",4.9
2017-02-01T00:00:00,TAVG,GHCND:USC00283704,",7",4.0
2017-02-01T00:00:00,TAVG,GHCND:USC00283951,",7",4.1
2017-02-01T00:00:00,TAVG,GHCND:USC00284229,",7",5.8
2017-02-01T00:00:00,TAVG,GHCND:USC00284987,",7",4.6
2017-02-01T00:00:00,TAVG,GHCND:USC00285243,",Z",5.0
2017-02-01T00:00:00,TAVG,GHCND:USC00286055,",7",4.3
2017-02-01T00:00:00,TAVG,GHCND:USC00286864,",7",5.0
2017-02-01T00:00:00,TAVG,GHCND:USC00286964,",7",4.1
2017-02-01T00:00:00,TAVG,GHCND:USC00286979,",7",2.9
2017-02-01T00:00:00,TAVG,GHCND:USC00287936,",7",5.9
2017-02-01T00:00:00,TAVG,GHCND:USC00288644,",7",1.1
2017-02-01T00:00:00,TAVG,GHCND:USC00289363,",7",3.3
2017-02-01T00:00:00,TAVG,GHCND:USC00306774,",7",0.5
2017-02-01T00:00:00,TAVG,GHCND:USR0000JEBF,",U",6.3
2017-02-01T00:00:00,TAVG,GHCND:USW00013724,",W",6.3
2017-02-01T00:00:00,TAVG,GHCND:USW00013735,",W",5.6
2017-02-01T00:00:00,TAVG,GHCND:USW00014734,",W",5.3
2017-02-01T00:00:00,TAVG,GHCND:USW00014792,",W",5.2
2017-02-01T00:00:00,TAVG,GHCND:USW00054743,",W",4.0
2017-02-01T00:00:00,TAVG,GHCND:USW00054779,",W",2.4
2017-02-01T00:00:00,TAVG,GHCND:USW00054785,",W",3.8
2017-02-01T00:00:00,TAVG,GHCND:USW00054793,",W",2.1
2017-02-01T00:00:00,TAVG,GHCND:USW00093730,",W",6.1
2017-02-01T00:00:00,TAVG,GHCND:USW00093780,",W",5.4
2017-02-01T00:00:00,TAVG,GHCND:USW00094741,",W",5.1
2017-03-01T00:00:00,TAVG,GHCND:USC00280734,",7",1.2
2017-03-01T00:00:00,TAVG,GHCND:USC00280907,"1,7",2.3
2017-03-01T00:00:00,TAVG,GHCND:USC00281335,"4,7",2.8
2017-03-01T00:00:00,TAVG,GHCND:USC00281351,",7",6.2
2017-03-01T00:00:00,TAVG,GHCND:USC00281582,",7",1.2
2017-03-01T00:00:00,TAVG,GHCND:USC00282805,",7",5.1
2017-03-01T00:00:00,TAVG,GHCND:USC00283029,",7",2.8
2017-03-01T00:00:00,TAVG,GHCND:USC00283704,",7",3.5
2017-03-01T00:00:00,TAVG,GHCND:USC00283951,",7",3.4
2017-03-01T00:00:00,TAVG,GHCND:USC00284229,",7",4.8
2017-03-01T00:00:00,TAVG,GHCND:USC00285243,",Z",3.7
2017-03-01T00:00:00,TAVG,GHCND:USC00286055,",7",3.7
2017-03-01T00:00:00,TAVG,GHCND:USC00286864,",7",4.0
2017-03-01T00:00:00,TAVG,GHCND:USC00286964,",7",3.8
2017-03-01T00:00:00,TAVG,GHCND:USC00286979,",7",2.7
2017-03-01T00:00:00,TAVG,GHCND:USC00287936,",7",5.2
2017-03-01T00:00:00,TAVG,GHCND:USC00288644,",7",0.5
2017-03-01T00:00:00,TAVG,GHCND:USC00289363,",7",2.4
2017-03-01T00:00:00,TAVG,GHCND:USC00306774,",7",-0.1
2017-03-01T00:00:00,TAVG,GHCND:USR0000JEBF,",U",5.1
2017-03-01T00:00:00,TAVG,GHCND:USW00013724,",W",5.1
2017-03-01T00:00:00,TAVG,GHCND:USW00013735,"2,W",5.3
2017-03-01T00:00:00,TAVG,GHCND:USW00014734,",W",4.4
2017-03-01T00:00:00,TAVG,GHCND:USW00014792,",W",4.1
2017-03-01T00:00:00,TAVG,GHCND:USW00054743,",W",3.2
2017-03-01T00:00:00,TAVG,GHCND:USW00054779,"2,W",1.7
2017-03-01T00:00:00,TAVG,GHCND:USW00054785,",W",3.2
2017-03-01T00:00:00,TAVG,GHCND:USW00054793,",W",1.3
2017-03-01T00:00:00,TAVG,GHCND:USW00093730,",W",5.4
2017-03-01T00:00:00,TAVG,GHCND:USW00093780,",W",4.9
2017-03-01T00:00:00,TAVG,GHCND:USW00094741,",W",4.2
2017-04-01T00:00:00,TAVG,GHCND:USC00280734,",7",11.4
2017-04-01T00:00:00,TAVG,GHCND:USC00280907,",7",12.1
2017-04-01T00:00:00,TAVG,GHCND:USC00281335,"4,7",13.8
2017-04-01T00:00:00,TAVG,GHCND:USC00281351,",7",14.2
2017-04-01T00:00:00,TAVG,GHCND:USC00281582,",7",11.4
2017-04-01T00:00:00,TAVG,GHCND:USC00282805,",7",14.3
2017-04-01T00:00:00,TAVG,GHCND:USC00283029,",7",12.7
2017-04-01T00:00:00,TAVG,GHCND:USC00283181,"1,7",13.4
2017-04-01T00:00:00,TAVG,GHCND:USC00283704,",7",13.1
2017-04-01T00:00:00,TAVG,GHCND:USC00283951,",7",12.6
2017-04-01T00:00:00,TAVG,GHCND:USC00284229,",7",14.4
2017-04-01T00:00:00,TAVG,GHCND:USC00284987,"3,7",12.0
2017-04-01T00:00:00,TAVG,GHCND:USC00286055,",7",13.4
2017-04-01T00:00:00,TAVG,GHCND:USC00286864,",7",13.9
2017-04-01T00:00:00,TAVG,GHCND:USC00286964,",7",13.6
2017-04-01T00:00:00,TAVG,GHCND:USC00286979,",7",13.1
2017-04-01T00:00:00,TAVG,GHCND:USC00287936,"2,7",14.0
2017-04-01T00:00:00,TAVG,GHCND:USC00288644,",7",11.4
2017-04-01T00:00:00,TAVG,GHCND:USC00289363,",7",12.4
2017-04-01T00:00:00,TAVG,GHCND:USC00306774,",7",10.9
2017-04-01T00:00:00,TAVG,GHCND:USR0000JEBF,",U",13.6
2017-04-01T00:00:00,TAVG,GHCND:USW00013724,",W",12.9
2017-04-01T00:00:00,TAVG,GHCND:USW00013735,",W",14.4
2017-04-01T00:00:00,TAVG,GHCND:USW00014734,",W",14.0
2017-04-01T00:00:00,TAVG,GHCND:USW00014792,",W",13.9
2017-04-01T00:00:00,TAVG,GHCND:USW00054743,",W",13.5
2017-04-01T00:00:00,TAVG,GHCND:USW00054779,"2,W",12.3
2017-04-01T00:00:00,TAVG,GHCND:USW00054785,",W",13.4
2017-04-01T00:00:00,TAVG,GHCND:USW00054793,",W",12.1
2017-04-01T00:00:00,TAVG,GHCND:USW00093730,",W",14.2
2017-04-01T00:00:00,TAVG,GHCND:USW00093780,",W",13.8
2017-04-01T00:00:00,TAVG,GHCND:USW00094741,",W",13.9
2017-05-01T00:00:00,TAVG,GHCND:USC00280734,"1,7",14.0
2017-05-01T00:00:00,TAVG,GHCND:USC00280907,",7",14.3
2017-05-01T00:00:00,TAVG,GHCND:USC00281335,",7",15.4
2017-05-01T00:00:00,TAVG,GHCND:USC00281351,",7",16.7
2017-05-01T00:00:00,TAVG,GHCND:USC00281582,",7",13.7
2017-05-01T00:00:00,TAVG,GHCND:USC00282805,",7",16.2
2017-05-01T00:00:00,TAVG,GHCND:USC00283029,"1,7",15.1
2017-05-01T00:00:00,TAVG,GHCND:USC00283181,",7",15.5
2017-05-01T00:00:00,TAVG,GHCND:USC00283704,",7",16.1
2017-05-01T00:00:00,TAVG,GHCND:USC00283951,",7",15.1
2017-05-01T00:00:00,TAVG,GHCND:USC00284229,",7",16.3
2017-05-01T00:00:00,TAVG,GHCND:USC00284987,"1,7",15.0
2017-05-01T00:00:00,TAVG,GHCND:USC00285243,"1,Z",15.6
2017-05-01T00:00:00,TAVG,GHCND:USC00286055,",7",15.8
2017-05-01T00:00:00,TAVG,GHCND:USC00286864,",7",15.6
2017-05-01T00:00:00,TAVG,GHCND:USC00286964,",7",15.6
2017-05-01T00:00:00,TAVG,GHCND:USC00286979,",7",15.0
2017-05-01T00:00:00,TAVG,GHCND:USC00288644,",7",13.8
2017-05-01T00:00:00,TAVG,GHCND:USC00289363,",7",14.6
2017-05-01T00:00:00,TAVG,GHCND:USC00306774,",7",13.8
2017-05-01T00:00:00,TAVG,GHCND:USR0000JEBF,",U",16.1
2017-05-01T00:00:00,TAVG,GHCND:USW00013724,",W",15.8
2017-05-01T00:00:00,TAVG,GHCND:USW00013735,",W",16.1
2017-05-01T00:00:00,TAVG,GHCND:USW00014734,",W",16.2
2017-05-01T00:00:00,TAVG,GHCND:USW00014792,",W",15.9
2017-05-01T00:00:00,TAVG,GHCND:USW00054743,",W",16.0
2017-05-01T00:00:00,TAVG,GHCND:USW00054779,",W",14.4
2017-05-01T00:00:00,TAVG,GHCND:USW00054785,",W",15.3
2017-05-01T00:00:00,TAVG,GHCND:USW00054793,",W",14.3
2017-05-01T00:00:00,TAVG,GHCND:USW00093730,",W",16.4
2017-05-01T00:00:00,TAVG,GHCND:USW00093780,",W",15.9
2017-05-01T00:00:00,TAVG,GHCND:USW00094741,",W",16.0
2017-06-01T00:00:00,TAVG,GHCND:USC00280331,"1,7",21.3
2017-06-01T00:00:00,TAVG,GHCND:USC00280734,",7",19.8
2017-06-01T00:00:00,TAVG,GHCND:USC00280907,",7",20.2
2017-06-01T00:00:00,TAVG,GHCND:USC00281335,",7",21.9
2017-06-01T00:00:00,TAVG,GHCND:USC00281351,",7",22.4
2017-06-01T00:00:00,TAVG,GHCND:USC00281582,",7",19.4
2017-06-01T00:00:00,TAVG,GHCND:USC00282805,",7",21.8
2017-06-01T00:00:00,TAVG,GHCND:USC00283029,"1,7",20.7
2017-06-01T00:00:00,TAVG,GHCND:USC00283181,"4,7",21.1
2017-06-01T00:00:00,TAVG,GHCND:USC00283704,",7",22.6
2017-06-01T00:00:00,TAVG,GHCND:USC00283951,",7",21.2
2017-06-01T00:00:00,TAVG,GHCND:USC00284229,",7",21.6
2017-06-01T00:00:00,TAVG,GHCND:USC00284987,",7",20.6
2017-06-01T00:00:00,TAVG,GHCND:USC00285243,",Z",20.7
2017-06-01T00:00:00,TAVG,GHCND:USC00286055,",7",21.7
2017-06-01T00:00:00,TAVG,GHCND:USC00286864,",7",21.9
2017-06-01T00:00:00,TAVG,GHCND:USC00286964,",7",21.3
2017-06-01T00:00:00,TAVG,GHCND:USC00286979,",7",21.1
2017-06-01T00:00:00,TAVG,GHCND:USC00287936,",7",22.7
2017-06-01T00:00:00,TAVG,GHCND:USC00288644,",7",19.2
2017-06-01T00:00:00,TAVG,GHCND:USC00289363,",7",20.8
2017-06-01T00:00:00,TAVG,GHCND:USC00306774,",7",19.1
2017-06-01T00:00:00,TAVG,GHCND:USR0000JEBF,",U",21.8
2017-06-01T00:00:00,TAVG,GHCND:USW00013724,",W",21.3
2017-06-01T00:00:00,TAVG,GHCND:USW00013735,",W",21.8
2017-06-01T00:00:00,TAVG,GHCND:USW00014734,",W",22.6
2017-06-01T00:00:00,TAVG,GHCND:USW00014792,",W",22.0
2017-06-01T00:00:00,TAVG,GHCND:USW00054743,",W",22.1
2017-06-01T00:00:00,TAVG,GHCND:USW00054779,",W",19.9
2017-06-01T00:00:00,TAVG,GHCND:USW00054785,",W",20.8
2017-06-01T00:00:00,TAVG,GHCND:USW00054793,",W",19.7
2017-06-01T00:00:00,TAVG,GHCND:USW00093730,",W",22.3
2017-06-01T00:00:00,TAVG,GHCND:USW00093780,",W",21.9
2017-06-01T00:00:00,TAVG,GHCND:USW00094741,",W",22.2
2017-07-01T00:00:00,TAVG,GHCND:USC00280331,"4,7",23.9
2017-07-01T00:00:00,TAVG,GHCND:USC00280734,",7",22.8
2017-07-01T00:00:00,TAVG,GHCND:USC00280907,",7",23.5
2017-07-01T00:00:00,TAVG,GHCND:USC00281335,"2,7",24.6
2017-07-01T00:00:00,TAVG,GHCND:USC00281351,",7",25.5
2017-07-01T00:00:00,TAVG,GHCND:USC00281582,",7",22.1
2017-07-01T00:00:00,TAVG,GHCND:USC00282805,",7",25.1
2017-07-01T00:00:00,TAVG,GHCND:USC00283029,",7",23.6
2017-07-01T00:00:00,TAVG,GHCND:USC00283181,"4,7",24.3
2017-07-01T00:00:00,TAVG,GHCND:USC00283704,",7",25.4
2017-07-01T00:00:00,TAVG,GHCND:USC00283951,",7",24.0
2017-07-01T00:00:00,TAVG,GHCND:USC00284987,",7",23.6
2017-07-01T00:00:00,TAVG,GHCND:USC00285243,",Z",23.9
2017-07-01T00:00:00,TAVG,GHCND:USC00286055,",7",24.4
2017-07-01T00:00:00,TAVG,GHCND:USC00286864,",7",24.4
2017-07-01T00:00:00,TAVG,GHCND:USC00286964,",7",24.2
2017-07-01T00:00:00,TAVG,GHCND:USC00286979,"1,7",23.9
2017-07-01T00:00:00,TAVG,GHCND:USC00287936,",7",25.3
2017-07-01T00:00:00,TAVG,GHCND:USC00288644,",7",21.9
2017-07-01T00:00:00,TAVG,GHCND:USC00289363,",7",23.5
2017-07-01T00:00:00,TAVG,GHCND:USC00306774,",7",22.2
2017-07-01T00:00:00,TAVG,GHCND:USR0000JEBF,",U",25.1
2017-07-01T00:00:00,TAVG,GHCND:USW00013724,",W",24.4
2017-07-01T00:00:00,TAVG,GHCND:USW00013735,",W",24.8
2017-07-01T00:00:00,TAVG,GHCND:USW00014734,",W",25.2
2017-07-01T00:00:00,TAVG,GHCND:USW00014792,",W",24.7
2017-07-01T00:00:00,TAVG,GHCND:USW00054743,"4,W",23.7
2017-07-01T00:00:00,TAVG,GHCND:USW00054779,",W",22.5
2017-07-01T00:00:00,TAVG,GHCND:USW00054785,",W",23.9
2017-07-01T00:00:00,TAVG,GHCND:USW00054793,",W",22.3
2017-07-01T00:00:00,TAVG,GHCND:USW00093730,",W",25.3
2017-07-01T00:00:00,TAVG,GHCND:USW00093780,",W",24.5
2017-07-01T00:00:00,TAVG,GHCND:USW00094741,"3,W",25.0
2017-08-01T00:00:00,TAVG,GHCND:USC00280331,"1,7",21.5
2017-08-01T00:00:00,TAVG,GHCND:USC00280734,"2,7",20.6
2017-08-01T00:00:00,TAVG,GHCND:USC00280907,",7",21.4
2017-08-01T00:00:00,TAVG,GHCND:USC00281335,",7",22.4
2017-08-01T00:00:00,TAVG,GHCND:USC00281351,",7",23.6
2017-08-01T00:00:00,TAVG,GHCND:USC00281582,",7",20.3
2017-08-01T00:00:00,TAVG,GHCND:USC00282805,",7",22.6
2017-08-01T00:00:00,TAVG,GHCND:USC00283029,",7",21.4
2017-08-01T00:00:00,TAVG,GHCND:USC00283181,"1,7",22.2
2017-08-01T00:00:00,TAVG,GHCND:USC00283704,",7",23.4
2017-08-01T00:00:00,TAVG,GHCND:USC00283951,"1,7",21.4
2017-08-01T00:00:00,TAVG,GHCND:USC00285243,",Z",23.1
2017-08-01T00:00:00,TAVG,GHCND:USC00286055,",7",22.5
2017-08-01T00:00:00,TAVG,GHCND:USC00286864,",7",22.7
2017-08-01T00:00:00,TAVG,GHCND:USC00286964,",7",22.0
2017-08-01T00:00:00,TAVG,GHCND:USC00286979,",7",21.6
2017-08-01T00:00:00,TAVG,GHCND:USC00287936,",7",22.9
2017-08-01T00:00:00,TAVG,GHCND:USC00288644,",7",20.3
2017-08-01T00:00:00,TAVG,GHCND:USC00289363,",7",21.2
2017-08-01T00:00:00,TAVG,GHCND:USC00306774,",7",20.1
2017-08-01T00:00:00,TAVG,GHCND:USR0000JEBF,",U",23.3
2017-08-01T00:00:00,TAVG,GHCND:USW00013724,",W",23.4
2017-08-01T00:00:00,TAVG,GHCND:USW00013735,",W",23.4
2017-08-01T00:00:00,TAVG,GHCND:USW00014734,",W",23.3
2017-08-01T00:00:00,TAVG,GHCND:USW00014792,",W",22.6
2017-08-01T00:00:00,TAVG,GHCND:USW00054743,",W",21.9
2017-08-01T00:00:00,TAVG,GHCND:USW00054779,",W",20.5
2017-08-01T00:00:00,TAVG,GHCND:USW00054785,",W",21.8
2017-08-01T00:00:00,TAVG,GHCND:USW00054793,",W",20.2
2017-08-01T00:00:00,TAVG,GHCND:USW00093730,",W",23.3
2017-08-01T00:00:00,TAVG,GHCND:USW00093780,",W",22.2
2017-08-01T00:00:00,TAVG,GHCND:USW00094741,",W",23.5
2017-09-01T00:00:00,TAVG,GHCND:USC00280331,"2,7",20.1
2017-09-01T00:00:00,TAVG,GHCND:USC00280734,"3,7",19.1
2017-09-01T00:00:00,TAVG,GHCND:USC00280907,",7",19.8
2017-09-01T00:00:00,TAVG,GHCND:USC00281335,",7",20.8
2017-09-01T00:00:00,TAVG,GHCND:USC00281351,",7",21.5
2017-09-01T00:00:00,TAVG,GHCND:USC00281582,",7",18.7
2017-09-01T00:00:00,TAVG,GHCND:USC00282805,",7",20.6
2017-09-01T00:00:00,TAVG,GHCND:USC00283029,",7",19.6
2017-09-01T00:00:00,TAVG,GHCND:USC00283181,"2,7",20.5
2017-09-01T00:00:00,TAVG,GHCND:USC00283704,",7",21.3
2017-09-01T00:00:00,TAVG,GHCND:USC00283951,",7",19.4
2017-09-01T00:00:00,TAVG,GHCND:USC00284229,",7",20.1
2017-09-01T00:00:00,TAVG,GHCND:USC00284987,"5,7",20.3
2017-09-01T00:00:00,TAVG,GHCND:USC00285243,",Z",20.1
2017-09-01T00:00:00,TAVG,GHCND:USC00286055,",7",20.6
2017-09-01T00:00:00,TAVG,GHCND:USC00286864,",7",20.6
2017-09-01T00:00:00,TAVG,GHCND:USC00286964,",7",19.7
2017-09-01T00:00:00,TAVG,GHCND:USC00286979,",7",19.7
2017-09-01T00:00:00,TAVG,GHCND:USC00287936,"1,7",20.7
2017-09-01T00:00:00,TAVG,GHCND:USC00288644,",7",18.5
2017-09-01T00:00:00,TAVG,GHCND:USC00289363,",7",19.5
2017-09-01T00:00:00,TAVG,GHCND:USC00306774,",7",17.9
2017-09-01T00:00:00,TAVG,GHCND:USR0000JEBF,",U",20.9
2017-09-01T00:00:00,TAVG,GHCND:USW00013724,",W",21.0
2017-09-01T00:00:00,TAVG,GHCND:USW00013735,",W",21.5
2017-09-01T00:00:00,TAVG,GHCND:USW00014734,",W",21.6
2017-09-01T00:00:00,TAVG,GHCND:USW00014792,",W",20.7
2017-09-01T00:00:00,TAVG,GHCND:USW00054743,",W",20.0
2017-09-01T00:00:00,TAVG,GHCND:USW00054779,",W",18.7
2017-09-01T00:00:00,TAVG,GHCND:USW00054785,",W",19.8
2017-09-01T00:00:00,TAVG,GHCND:USW00054793,",W",18.4
2017-09-01T00:00:00,TAVG,GHCND:USW00093730,",W",21.1
2017-09-01T00:00:00,TAVG,GHCND:USW00093780,"1,W",20.0
2017-09-01T00:00:00,TAVG,GHCND:USW00094741,",W",21.5
2017-10-01T00:00:00,TAVG,GHCND:USC00280331,"5,7",16.2
2017-10-01T00:00:00,TAVG,GHCND:USC00280734,",7",14.0
2017-10-01T00:00:00,TAVG,GHCND:USC00280907,",7",15.0
2017-10-01T00:00:00,TAVG,GHCND:USC00281335,"1,7",16.1
2017-10-01T00:00:00,TAVG,GHCND:USC00281351,",7",17.5
2017-10-01T00:00:00,TAVG,GHCND:USC00281582,",7",14.3
2017-10-01T00:00:00,TAVG,GHCND:USC00282805,",7",15.9
2017-10-01T00:00:00,TAVG,GHCND:USC00283029,",7",14.9
2017-10-01T00:00:00,TAVG,GHCND:USC00283181,"1,7",15.2
2017-10-01T00:00:00,TAVG,GHCND:USC00283704,",7",16.7
2017-10-01T00:00:00,TAVG,GHCND:USC00283951,",7",15.0
2017-10-01T00:00:00,TAVG,GHCND:USC00284229,",7",15.7
2017-10-01T00:00:00,TAVG,GHCND:USC00285243,",Z",16.3
2017-10-01T00:00:00,TAVG,GHCND:USC00286055,",7",15.9
2017-10-01T00:00:00,TAVG,GHCND:USC00286864,",7",15.1
2017-10-01T00:00:00,TAVG,GHCND:USC00286964,",7",15.1
2017-10-01T00:00:00,TAVG,GHCND:USC00286979,"1,7",15.2
2017-10-01T00:00:00,TAVG,GHCND:USC00287936,",7",16.1
2017-10-01T00:00:00,TAVG,GHCND:USC00288644,",7",13.9
2017-10-01T00:00:00,TAVG,GHCND:USC00289363,",7",15.1
2017-10-01T00:00:00,TAVG,GHCND:USC00306774,",7",13.5
2017-10-01T00:00:00,TAVG,GHCND:USR0000JEBF,",U",17.1
2017-10-01T00:00:00,TAVG,GHCND:USW00013724,",W",17.7
2017-10-01T00:00:00,TAVG,GHCND:USW00013735,",W",17.1
2017-10-01T00:00:00,TAVG,GHCND:USW00014734,",W",17.7
2017-10-01T00:00:00,TAVG,GHCND:USW00014792,",W",16.5
2017-10-01T00:00:00,TAVG,GHCND:USW00054743,",W",16.0
2017-10-01T00:00:00,TAVG,GHCND:USW00054779,",W",14.5
2017-10-01T00:00:00,TAVG,GHCND:USW00054785,",W",15.3
2017-10-01T00:00:00,TAVG,GHCND:USW00054793,",W",14.2
2017-10-01T00:00:00,TAVG,GHCND:USW00093730,",W",16.9
2017-10-01T00:00:00,TAVG,GHCND:USW00093780,"3,W",15.7
2017-10-01T00:00:00,TAVG,GHCND:USW00094741,",W",17.5
2017-11-01T00:00:00,TAVG,GHCND:USC00280734,",7",4.5
2017-11-01T00:00:00,TAVG,GHCND:USC00280907,",7",5.1
2017-11-01T00:00:00,TAVG,GHCND:USC00281335,"2,7",6.1
2017-11-01T00:00:00,TAVG,GHCND:USC00281351,",7",9.0
2017-11-01T00:00:00,TAVG,GHCND:USC00281582,",7",4.7
2017-11-01T00:00:00,TAVG,GHCND:USC00282805,",7",7.7
2017-11-01T00:00:00,TAVG,GHCND:USC00283029,",7",5.5
2017-11-01T00:00:00,TAVG,GHCND:USC00283181,"3,7",7.1
2017-11-01T00:00:00,TAVG,GHCND:USC00283704,",7",7.0
2017-11-01T00:00:00,TAVG,GHCND:USC00283951,",7",6.1
2017-11-01T00:00:00,TAVG,GHCND:USC00284229,"1,7",7.7
2017-11-01T00:00:00,TAVG,GHCND:USC00285243,",Z",8.9
2017-11-01T00:00:00,TAVG,GHCND:USC00286055,",7",6.9
2017-11-01T00:00:00,TAVG,GHCND:USC00286964,",7",6.4
2017-11-01T00:00:00,TAVG,GHCND:USC00286979,",7",5.8
2017-11-01T00:00:00,TAVG,GHCND:USC00287936,",7",8.4
2017-11-01T00:00:00,TAVG,GHCND:USC00288644,"1,7",4.0
2017-11-01T00:00:00,TAVG,GHCND:USC00289363,",7",5.8
2017-11-01T00:00:00,TAVG,GHCND:USC00306774,",7",3.9
2017-11-01T00:00:00,TAVG,GHCND:USR0000JEBF,",U",8.6
2017-11-01T00:00:00,TAVG,GHCND:USW00013724,",W",9.5
2017-11-01T00:00:00,TAVG,GHCND:USW00013735,",W",8.1
2017-11-01T00:00:00,TAVG,GHCND:USW00014734,",W",7.9
2017-11-01T00:00:00,TAVG,GHCND:USW00014792,",W",7.3
2017-11-01T00:00:00,TAVG,GHCND:USW00054743,",W",5.9
2017-11-01T00:00:00,TAVG,GHCND:USW00054779,",W",5.0
2017-11-01T00:00:00,TAVG,GHCND:USW00054785,",W",5.9
2017-11-01T00:00:00,TAVG,GHCND:USW00054793,",W",4.6
2017-11-01T00:00:00,TAVG,GHCND:USW00093730,",W",8.2
2017-11-01T00:00:00,TAVG,GHCND:USW00093780,"1,W",7.2
2017-11-01T00:00:00,TAVG,GHCND:USW00094741,",W",7.5
2017-12-01T00:00:00,TAVG,GHCND:USC00280907,",7",-0.4
2017-12-01T00:00:00,TAVG,GHCND:USC00281335,",7",0.4
2017-12-01T00:00:00,TAVG,GHCND:USC00281351,",7",3.1
2017-12-01T00:00:00,TAVG,GHCND:USC00281582,",7",-1.5
2017-12-01T00:00:00,TAVG,GHCND:USC00282805,",7",2.0
2017-12-01T00:00:00,TAVG,GHCND:USC00283029,",7",-0.3
2017-12-01T00:00:00,TAVG,GHCND:USC00283181,"2,7",0.7
2017-12-01T00:00:00,TAVG,GHCND:USC00283704,",7",1.1
2017-12-01T00:00:00,TAVG,GHCND:USC00283951,",7",0.2
2017-12-01T00:00:00,TAVG,GHCND:USC00284229,",7",1.2
2017-12-01T00:00:00,TAVG,GHCND:USC00285243,",Z",3.1
2017-12-01T00:00:00,TAVG,GHCND:USC00286055,",7",0.8
2017-12-01T00:00:00,TAVG,GHCND:USC00286864,",7",1.3
2017-12-01T00:00:00,TAVG,GHCND:USC00286964,",7",0.5
2017-12-01T00:00:00,TAVG,GHCND:USC00286979,",7",-0.5
2017-12-01T00:00:00,TAVG,GHCND:USC00287936,",7",1.9
2017-12-01T00:00:00,TAVG,GHCND:USC00288644,",7",-2.6
2017-12-01T00:00:00,TAVG,GHCND:USC00289363,",7",-0.2
2017-12-01T00:00:00,TAVG,GHCND:USC00306774,",7",-2.6
2017-12-01T00:00:00,TAVG,GHCND:USR0000JEBF,",U",2.3
2017-12-01T00:00:00,TAVG,GHCND:USW00013724,",W",3.2
2017-12-01T00:00:00,TAVG,GHCND:USW00013735,",W",0.9
2017-12-01T00:00:00,TAVG,GHCND:USW00014734,",W",1.5
2017-12-01T00:00:00,TAVG,GHCND:USW00014792,",W",0.9
2017-12-01T00:00:00,TAVG,GHCND:USW00054743,",W",-0.1
2017-12-01T00:00:00,TAVG,GHCND:USW00054779,",W",-1.7
2017-12-01T00:00:00,TAVG,GHCND:USW00054785,"1,W",-0.8
2017-12-01T00:00:00,TAVG,GHCND:USW00054793,"2,W",-1.6
2017-12-01T00:00:00,TAVG,GHCND:USW00093730,",W",1.9
2017-12-01T00:00:00,TAVG,GHCND:USW00093780,",W",0.8
2017-12-01T00:00:00,TAVG,GHCND:USW00094741,",W",1.3
